True_EF,Predicted_EF,Error
52.899998,56.233437,3.3334389
52.899998,53.325157,0.42515945
14.049999,12.596087,-1.4539118
14.049999,13.092062,-0.95793724
71.93,71.7685,-0.16149902
71.93,69.25592,-2.67408
60.070004,61.75069,1.680687
64.950005,65.68588,0.735878
65.37,61.260178,-4.109825
65.37,66.24324,0.8732376
63.25,63.31105,0.061050415
63.25,62.84652,-0.40348053
62.9,62.851715,-0.048286438
12.5,37.60014,25.10014
12.5,15.9859495,3.4859495
62.46,62.43109,-0.028907776
63.559998,63.153923,-0.40607452
67.479996,63.512127,-3.9678688
67.479996,66.68283,-0.7971649
72.25,71.83586,-0.4141388
63.550003,66.14011,2.5901031
63.550003,63.664223,0.114219666
53.460003,47.11879,-6.341213
53.460003,54.366886,0.90688324
30.230001,28.834364,-1.3956375
59.899998,61.961884,2.0618858
59.899998,59.94534,0.04534149
16.44,16.95032,0.51031876
16.44,12.68789,-3.7521105
58.13,60.553978,2.423977
58.13,59.054398,0.9243965
67.99,64.94099,-3.0490112
67.99,67.369316,-0.62068176
69.81,68.90344,-0.9065552
65.96,66.84643,0.88642883
61.510002,61.105972,-0.40402985
61.510002,59.38284,-2.127163
61.11,61.904613,0.7946129
41.940002,42.606205,0.66620255
41.940002,41.867382,-0.07262039
41.940002,49.373657,7.433655
66.34,67.59557,1.2555771
55.409996,59.772682,4.362686
55.409996,57.60694,2.1969452
61.47,60.973583,-0.496418
62.260002,59.415417,-2.8445854
62.260002,61.866768,-0.39323425
66.369995,65.4586,-0.9113922
66.369995,65.071686,-1.2983093
60.19,60.038036,-0.15196228
60.19,61.302746,1.1127472
52.719997,54.02263,1.3026314
52.719997,55.066525,2.346527
67.68,66.6992,-0.9807968
67.68,68.34822,0.6682205
61.440002,60.730255,-0.7097473
61.440002,62.159626,0.71962357
62.18,61.36328,-0.81671906
55.92,55.814423,-0.10557556
55.92,56.444412,0.52441406
55.92,58.241974,2.3219757
62.71,63.07442,0.36442184
62.71,62.602634,-0.107364655
63.380005,64.44214,1.0621338
63.380005,63.659943,0.27993774
65.86,66.0063,0.14630127
60.78,60.682148,-0.0978508
60.78,61.068146,0.28814697
67.64,66.927185,-0.71281433
67.64,67.59149,-0.04850769
62.22,61.474125,-0.7458763
55.309998,56.794483,1.4844856
55.309998,56.83636,1.5263634
68.59,69.20355,0.6135559
66.79,67.13658,0.3465805
66.79,66.63847,-0.1515274
69.22,69.48691,0.26690674
69.22,66.943016,-2.2769852
64.82,65.55607,0.7360687
47.46,44.398838,-3.061161
47.46,49.733395,2.2733955
65.33,66.31021,0.98020935
65.33,63.488865,-1.8411369
62.260002,62.248158,-0.011844635
62.260002,64.969086,2.7090836
71.54,69.33831,-2.2016907
64.58,64.136086,-0.44391632
64.58,64.38238,-0.1976242
61.28,61.90922,0.62922287
61.28,62.278374,0.99837494
27.77,28.815178,1.0451775
27.77,23.044601,-4.725399
71.53,71.19984,-0.33016205
71.53,68.13106,-3.398941
61.979996,60.73838,-1.2416153
7.0200005,6.1273704,-0.8926301
7.0200005,3.907505,-3.1124954
71.03001,71.409744,0.37973785
71.03001,70.23946,-0.7905426
70.89,68.886116,-2.0038834
70.89,68.89396,-1.9960403
63.86,63.344116,-0.5158844
63.86,65.32836,1.4683609
56.190002,55.70438,-0.4856224
56.190002,56.23399,0.043987274
23.19,20.683767,-2.5062332
64.64,64.15395,-0.48604584
60.65,64.02085,3.3708496
60.65,61.347645,0.6976433
55.92,54.21844,-1.7015572
55.92,55.258514,-0.66148376
55.92,56.566406,0.6464081
69.28,68.49742,-0.7825775
69.28,67.602844,-1.6771545
45.59,47.971252,2.3812523
45.59,47.2422,1.6521988
64.240005,65.7446,1.5045929
64.240005,64.02614,-0.21386719
34.84,32.704937,-2.1350632
34.84,37.54817,2.708168
64.32,65.451996,1.1319962
64.32,64.62723,0.3072281
34.75,29.596796,-5.153204
34.75,33.57783,-1.1721687
60.65,61.782604,1.1326027
60.65,61.236702,0.58670044
69.93,69.23404,-0.695961
69.93,70.551994,0.621994
71.39,66.8203,-4.569702
71.39,72.043106,0.6531067
63.64,63.899033,0.2590332
63.64,66.36425,2.7242508
67.69,68.14022,0.4502182
67.079994,66.70191,-0.37808228
67.079994,66.067245,-1.0127487
61.25,64.61363,3.3636322
61.25,60.904938,-0.34506226
63.0,63.67713,0.67713165
63.0,65.033264,2.0332642
71.93,71.98484,0.054840088
71.93,70.09105,-1.8389511
63.86,63.78227,-0.077732086
59.789997,61.421627,1.63163
64.12,63.5252,-0.59480286
64.97,63.63432,-1.3356819
64.97,63.97203,-0.9979706
57.94,58.379375,0.43937683
57.94,53.65961,-4.280388
60.89,63.226707,2.336708
60.89,60.4555,-0.43449783
67.07,67.442,0.37200165
62.46,62.428177,-0.031822205
62.46,61.837967,-0.62203217
12.5,41.198227,28.698227
12.5,21.588839,9.088839
63.4,64.44675,1.0467453
63.4,63.789463,0.38946152
69.79,70.11212,0.32212067
69.79,70.56328,0.7732773
64.240005,66.08692,1.8469162
64.240005,64.18235,-0.057655334
70.8,68.143394,-2.6566086
70.8,67.569695,-3.2303085
44.65,56.653316,12.003315
44.65,51.265274,6.6152725
57.200005,58.02395,0.8239441
60.27,60.669846,0.39984512
44.65,50.245846,5.5958443
44.65,39.802624,-4.847378
63.4,64.194336,0.7943344
63.4,62.93866,-0.46134186
66.24,63.495617,-2.744381
63.730003,64.04345,0.31344604
63.730003,63.34612,-0.38388443
65.29,63.821117,-1.4688835
65.29,65.01334,-0.2766571
66.57,65.72515,-0.84484863
62.71,63.17354,0.46353912
62.71,62.447582,-0.26241684
16.300001,18.971348,2.6713467
68.5,67.69863,-0.8013687
60.89,62.927673,2.037674
60.89,60.583584,-0.30641556
68.01,70.27442,2.2644196
59.02,58.907295,-0.11270523
59.02,60.71986,1.6998596
60.61,60.49629,-0.11371231
60.61,60.71081,0.100811005
66.79,66.9382,0.14820099
66.79,64.90895,-1.8810501
60.210003,60.924618,0.71461487
66.64,65.98845,-0.6515503
66.64,66.5568,-0.08319855
23.85,23.515724,-0.3342762
23.85,23.20948,-0.6405201
63.33,63.784557,0.4545555
66.659996,66.62574,-0.03425598
66.659996,67.86757,1.2075729
65.29,65.47911,0.1891098
65.29,65.96011,0.6701126
71.14,69.77384,-1.3661575
71.14,69.94676,-1.1932373
55.92,56.400467,0.48046875
55.92,56.046234,0.12623596
71.340004,71.37253,0.03252411
71.340004,70.99531,-0.34469604
55.800003,56.3245,0.524498
55.800003,54.40737,-1.3926315
65.66,65.37335,-0.2866516
41.49,38.679485,-2.8105164
41.49,42.218456,0.7284546
67.97,66.78006,-1.1899414
67.97,66.14716,-1.8228378
60.54,57.32432,-3.2156792
67.22,66.534004,-0.685997
65.33,65.36264,0.03263855
65.33,64.352264,-0.9777374
67.43,69.502426,2.0724258
43.69,30.049265,-13.640734
43.69,44.48549,0.79549026
52.77,55.342247,2.5722466
66.89,66.707825,-0.18217468
23.85,25.173155,1.3231544
23.85,26.087929,2.2379284
67.22,65.48297,-1.73703
62.410004,62.88752,0.47751617
62.410004,61.713905,-0.6960983
55.92,56.166756,0.2467575
55.92,55.261154,-0.658844
61.510002,62.228798,0.7187958
61.510002,60.62212,-0.88788223
65.92,64.856384,-1.0636139
59.02,60.31992,1.2999191
59.02,60.712505,1.6925049
69.47,67.92703,-1.5429688
57.94,58.4525,0.51250076
57.94,59.22613,1.2861328
65.090004,64.13683,-0.9531708
65.090004,65.02837,-0.06163025
67.68,66.15527,-1.5247269
67.68,68.358574,0.6785736
65.89,65.1747,-0.7153015
55.92,55.865963,-0.054035187
55.92,56.50855,0.58855057
55.92,58.1703,2.2503014
54.66,55.817596,1.1575966
61.440002,60.619556,-0.820446
61.440002,61.742294,0.30229187
64.130005,65.1427,1.0126953
64.130005,65.677155,1.5471497
71.39,69.66439,-1.7256088
71.39,72.66305,1.2730484
66.71,66.975174,0.26517487
66.71,64.55025,-2.159752
69.93,68.98656,-0.9434433
69.93,69.49118,-0.4388199
68.87,67.841805,-1.0281982
60.250004,61.909687,1.6596832
14.650001,19.772995,5.1229944
14.650001,13.334463,-1.3155375
14.650001,20.906893,6.256892
47.64,47.87569,0.23569107
47.64,52.61988,4.9798813
38.45,36.080624,-2.3693771
66.64,66.40438,-0.23561859
66.64,65.744095,-0.89590454
60.78,61.99153,1.2115326
60.78,62.783844,2.0038452
58.21,56.70716,-1.5028381
58.21,58.939743,0.72974396
44.760002,39.421425,-5.3385773
44.760002,45.13311,0.3731079
63.82,63.6098,-0.21020126
66.659996,67.786514,1.1265182
66.659996,67.471596,0.81159973
64.5,61.81276,-2.6872406
64.5,63.26756,-1.232441
14.650001,13.866563,-0.7834377
14.650001,10.414529,-4.2354717
14.650001,14.458929,-0.19107151
60.27,60.60691,0.33691025
60.27,61.501347,1.2313461
27.77,40.14577,12.375771
27.77,32.01903,4.249031
45.59,44.506107,-1.0838928
45.59,48.082726,2.4927254
68.81,68.369995,-0.44000244
68.81,67.06867,-1.7413254
67.03,66.211525,-0.8184738
69.79,66.74988,-3.040123
69.79,69.42241,-0.36759186
67.99,67.27272,-0.7172775
67.99,66.12645,-1.8635483
66.04,66.00297,-0.03703308
65.28,64.229454,-1.0505447
26.56,28.896034,2.3360348
26.56,38.210426,11.650427
40.55,46.464832,5.914833
60.01,60.767452,0.7574539
60.989998,60.582184,-0.40781403
67.009995,67.79138,0.7813873
63.25,62.915993,-0.33400726
63.25,63.37202,0.12202072
63.89,63.35676,-0.5332413
63.89,66.97535,3.08535
55.39,56.842346,1.4523468
62.870003,63.790806,0.92080307
27.36,27.860218,0.50021744
27.36,28.57286,1.2128601
63.800003,64.62937,0.8293686
63.800003,63.04283,-0.75717163
59.780003,61.0987,1.3186989
41.3,41.805416,0.50541687
41.3,43.587376,2.2873764
63.86,60.56387,-3.2961311
63.86,64.388176,0.52817535
63.89,61.049767,-2.8402328
63.89,65.193405,1.3034058
69.28,68.81889,-0.46110535
69.28,68.52476,-0.7552414
63.690002,64.335365,0.64536285
63.690002,66.17957,2.4895706
66.27,66.8526,0.58260345
62.660004,62.09365,-0.56635284
60.19,61.296505,1.1065063
60.19,62.312412,2.1224136
34.75,33.79371,-0.9562912
34.75,37.467422,2.7174225
63.550003,64.81731,1.2673035
63.550003,63.930233,0.38022995
57.94,58.65541,0.71541214
57.94,60.401924,2.4619255
63.239998,62.453686,-0.7863121
52.719997,53.775734,1.0557365
52.719997,53.681683,0.9616852
65.060005,65.47974,0.41973114
65.060005,66.6394,1.5793915
59.2,58.094627,-1.1053734
67.47,67.1283,-0.3416977
68.96,69.47933,0.5193329
61.82,64.7657,2.9457016
61.82,62.01322,0.19322205
65.96,65.030785,-0.9292145
65.25,63.351707,-1.8982925
47.46,47.205933,-0.25406647
47.46,53.399364,5.9393654
60.09,60.268307,0.17830658
60.09,59.56388,-0.52611923
71.84,70.69003,-1.1499634
65.37,60.976738,-4.393265
65.37,66.0705,0.7005005
59.38,58.446663,-0.93333817
71.100006,69.96469,-1.135315
71.100006,70.390686,-0.70932007
55.309998,56.787254,1.4772568
55.309998,56.522232,1.2122345
56.1,57.011147,0.9111481
56.1,56.292255,0.19225693
34.84,34.46089,-0.37910843
34.84,39.745285,4.905285
41.49,42.51813,1.0281296
41.49,45.730354,4.2403526
60.110004,59.812946,-0.2970581
64.97,64.662186,-0.30781555
64.97,65.464874,0.49487305
63.18,62.444286,-0.73571396
70.490005,69.936714,-0.5532913
62.410004,62.53425,0.12424469
62.410004,62.751217,0.34121323
71.14,68.440056,-2.6999435
71.14,70.576256,-0.5637436
63.64,60.96311,-2.6768875
63.64,62.924313,-0.7156868
43.69,43.248863,-0.4411354
43.69,46.28564,2.595642
25.510002,22.528452,-2.9815502
66.56,64.96726,-1.5927353
60.09,61.18908,1.0990791
60.09,56.32884,-3.7611618
71.100006,68.899025,-2.2009811
71.100006,69.95938,-1.140625
55.409996,58.222218,2.8122215
55.409996,55.63365,0.2236557
59.76,62.69028,2.9302826
59.76,60.426174,0.66617584
61.92,61.81576,-0.1042366
61.92,62.569695,0.64969635
66.28,65.10504,-1.1749573
63.0,63.25882,0.25881958
63.0,63.789017,0.7890167
65.71,63.819622,-1.890377
65.71,68.28248,2.5724792
72.43,71.79279,-0.63720703
61.28,60.815193,-0.4648056
61.28,61.388718,0.10871887
70.78,70.258354,-0.5216446
61.21,61.228962,0.01896286
61.21,59.872772,-1.3372269
57.050003,56.745003,-0.3050003
70.810005,68.86222,-1.9477844
71.11,70.56802,-0.5419769
71.11,71.708145,0.59814453
14.049999,10.211013,-3.8389864
14.049999,10.519419,-3.5305805
61.28,60.901363,-0.3786354
56.190002,56.575348,0.38534546
56.190002,58.423676,2.233673
53.100002,53.96634,0.8663368
53.100002,53.06945,-0.03055191
71.03001,71.41469,0.3846817
71.03001,71.25971,0.22970581
61.25,62.20131,0.9513092
61.25,60.47138,-0.7786217
64.5,64.32,-0.1800003
64.5,66.570435,2.0704346
61.82,61.778812,-0.041187286
61.82,60.79402,-1.0259781
69.43,67.21538,-2.2146225
65.08,64.93166,-0.14833832
68.09,67.199684,-0.8903122
55.409996,57.079803,1.6698074
63.97,64.909386,0.93938446
60.27,59.76,-0.51000214
60.27,60.395462,0.12546158
64.130005,65.10319,0.9731827
64.130005,64.73186,0.6018524
71.11,69.94445,-1.1655502
71.11,71.36017,0.25016785
65.71,63.017975,-2.6920242
65.71,66.26012,0.5501175
65.090004,65.63336,0.54335785
65.090004,65.1815,0.09149933
66.08,64.435234,-1.6447678
66.08,65.36973,-0.71027374
65.060005,63.496655,-1.5633507
65.060005,65.21723,0.15722656
71.340004,70.66095,-0.67905426
71.340004,69.97624,-1.3637619
64.32,63.058918,-1.2610817
64.32,65.125206,0.8052063
66.369995,67.22367,0.85367584
66.369995,62.359154,-4.0108414
67.64,67.52367,-0.11633301
67.64,67.356995,-0.28300476
56.1,57.16129,1.0612907
56.1,55.864048,-0.23595047
61.619995,63.431023,1.8110275
67.479996,66.62002,-0.8599777
67.479996,67.96613,0.4861374
60.12,60.22318,0.10317993
26.56,21.624926,-4.935074
26.56,28.450912,1.890913
41.940002,39.004158,-2.9358444
41.940002,42.48991,0.5499077
41.940002,42.192795,0.25279236
72.59,71.87377,-0.7162247
62.28,62.666775,0.38677597
62.28,62.34058,0.060581207
65.100006,64.92702,-0.17298889
59.76,61.50644,1.7464409
59.76,59.52748,-0.23251724
14.650001,13.087545,-1.5624552
14.650001,9.636781,-5.01322
14.650001,12.932772,-1.7172289
63.690002,63.67943,-0.010574341
63.690002,64.24591,0.5559082
41.940002,42.234722,0.2947197
41.940002,42.458168,0.5181656
41.940002,40.97913,-0.96087265
68.81,68.992546,0.18254852
68.81,68.60468,-0.20531464
67.159996,62.61122,-4.5487747
67.159996,67.98525,0.82525635
64.58,64.49005,-0.08995056
64.58,64.38716,-0.19284058
65.130005,65.94031,0.81030273
70.8,68.69098,-2.109024
70.8,70.26021,-0.5397949
61.92,61.956024,0.036026
61.92,63.607197,1.6871986
67.159996,66.67162,-0.4883728
67.159996,69.548164,2.3881683
64.770004,64.815315,0.045310974
64.770004,65.09123,0.32122803
60.09,62.907307,2.8173065
60.09,59.59848,-0.49151993
7.0200005,8.17436,1.1543598
7.0200005,4.8146152,-2.2053852
58.13,60.473354,2.3433533
58.13,57.397415,-0.7325859
67.97,66.61967,-1.3503342
67.97,69.7659,1.7958984
60.61,61.720528,1.110527
60.61,60.83286,0.22285843
61.839996,62.50675,0.66675186
71.53,72.43568,0.9056778
71.53,71.09743,-0.4325714
53.460003,51.679646,-1.7803574
53.460003,52.86566,-0.5943413
63.800003,63.809864,0.009860992
63.800003,62.78482,-1.0151825
61.21,60.79843,-0.4115677
61.21,58.651142,-2.558857
60.09,59.598137,-0.49186325
60.09,59.374092,-0.71590805
67.979996,68.48889,0.5088959
16.44,14.767806,-1.6721945
16.44,12.812555,-3.6274452
53.100002,54.582966,1.4829636
53.100002,54.080944,0.9809418
71.23,69.199684,-2.0303192
71.23,69.73215,-1.4978561
70.89,70.25554,-0.63446045
70.89,70.41099,-0.47901154
63.380005,65.600716,2.2207108
63.380005,65.177,1.7969971
44.760002,44.03886,-0.7211418
44.760002,50.69521,5.9352074
41.3,40.41841,-0.881588
41.3,42.360493,1.0604935
67.079994,67.28325,0.2032547
67.079994,64.03237,-3.0476227
57.94,57.432194,-0.5078049
57.94,54.473,-3.466999
60.12,60.36926,0.24925995
64.770004,67.08242,2.312416
64.770004,64.25834,-0.51166534
66.71,64.055046,-2.654953
66.71,64.14947,-2.5605316
68.74,69.6396,0.8996048
71.23,69.57708,-1.6529236
71.23,70.73187,-0.4981308
52.899998,54.316784,1.4167862
52.899998,51.635273,-1.2647247
63.730003,61.96683,-1.7631721
63.730003,63.433807,-0.29619598
58.21,59.476322,1.2663231
58.21,59.056057,0.8460579
62.28,60.888714,-1.391285
62.28,60.51661,-1.7633896
59.899998,60.52957,0.6295738
59.899998,59.019012,-0.88098526
55.800003,56.012432,0.21242905
55.800003,54.811108,-0.9888954
61.35,62.85591,1.5059128
27.36,28.354702,0.9947014
27.36,31.59253,4.2325287
59.12,61.55954,2.4395409
62.46,61.73681,-0.7231903
62.46,61.78764,-0.67235947
64.87,66.351456,1.481453
69.22,70.32641,1.1064072
69.22,68.0821,-1.1379013
47.64,47.46376,-0.17623901
47.64,50.525536,2.8855362
62.059998,62.14266,0.082660675
66.08,62.25144,-3.8285637
66.08,65.979866,-0.1001358
61.67,62.360962,0.69096375
62.699997,61.47358,-1.2264175
72.93,70.13104,-2.7989578
65.4,64.27025,-1.1297531
65.74,66.547,0.8069992
65.74,65.41613,-0.3238678
57.08,58.87552,1.795517
57.08,56.89199,-0.18801117
64.82,65.50894,0.68894196
65.240005,64.48071,-0.7592926
65.240005,65.67684,0.43683624
68.78,68.11278,-0.66722107
68.78,65.58726,-3.1927414
67.549995,66.920586,-0.6294098
67.549995,68.803856,1.2538605
62.93,62.213932,-0.71606827
10.43,10.433359,0.003358841
72.52,70.15932,-2.3606796
72.52,71.54945,-0.9705429
67.31,66.88202,-0.42797852
67.31,60.935802,-6.374195
59.609997,59.86732,0.25732422
59.609997,62.53032,2.9203224
68.81,68.938515,0.12851715
68.81,69.114456,0.30445862
65.88,67.76628,1.8862839
65.88,66.68208,0.8020859
61.54,61.844814,0.30481339
63.22,64.30401,1.0840073
27.98,34.412727,6.432728
27.98,39.9272,11.947201
61.85,62.219543,0.36954498
65.909996,65.929184,0.019187927
65.909996,68.29843,2.3884354
50.700005,54.559772,3.859768
50.700005,51.055058,0.35505295
69.08,70.25572,1.1757202
69.08,68.10087,-0.9791336
61.47,61.860817,0.39081573
61.47,60.70524,-0.7647629
70.94,69.89693,-1.0430756
65.88,66.39062,0.5106201
65.88,66.47219,0.5921936
60.85,60.667492,-0.18250656
60.85,63.36583,2.515831
60.85,62.39107,1.5410728
66.25,67.73911,1.4891129
61.07,60.67884,-0.39115906
60.9,65.77003,4.8700256
60.9,61.241497,0.3414955
59.820004,60.291748,0.47174454
59.820004,62.617695,2.7976913
64.78001,64.73316,-0.046844482
64.78001,64.64175,-0.13825989
53.52,53.71189,0.19189072
71.270004,71.7915,0.521492
71.270004,70.92734,-0.34266663
65.49,65.59889,0.10889435
68.99,67.6925,-1.2975006
61.64,63.45502,1.8150215
61.64,65.0087,3.3686981
71.7,71.09191,-0.60808563
64.78001,63.86687,-0.9131355
64.78001,65.19428,0.41427612
63.53,65.06848,1.5384827
64.89,67.147,2.2570038
67.369995,67.63897,0.2689743
56.58,56.50711,-0.072891235
56.58,59.091167,2.5111656
60.460003,61.239983,0.7799797
70.9,71.06432,0.1643219
25.84,27.245056,1.405056
25.84,25.936174,0.09617424
68.2,68.476006,0.2760086
62.840004,61.776577,-1.063427
62.840004,65.527534,2.6875305
63.35,63.44862,0.09862137
63.35,64.0004,0.65039825
62.519997,62.195145,-0.324852
63.35,62.436207,-0.91379166
61.949997,62.923546,0.9735489
61.949997,61.518566,-0.43143082
65.74,66.78814,1.0481415
65.74,65.09632,-0.64367676
68.72,69.077095,0.3570938
68.72,67.95332,-0.76667786
67.04,66.4564,-0.5836029
54.85,52.144367,-2.7056313
64.29,64.19794,-0.092063904
50.059998,59.44976,9.389763
50.059998,50.35786,0.297863
63.14,60.70152,-2.4384804
64.48,64.32817,-0.15183258
56.4,57.680832,1.2808304
56.4,58.46225,2.0622482
68.3,68.88313,0.5831299
68.3,65.82918,-2.4708252
32.63,31.211224,-1.4187775
32.63,42.20883,9.578831
32.63,33.29837,0.6683693
61.440002,60.922485,-0.5175171
64.82,64.754845,-0.06515503
58.28,58.762558,0.4825592
61.11,61.737217,0.62721634
61.11,60.492386,-0.61761475
22.380001,32.293858,9.9138565
69.840004,68.94756,-0.8924408
61.12,64.90851,3.7885094
61.12,60.18597,-0.9340286
61.11,60.714657,-0.39534378
61.11,60.128498,-0.98150253
60.9,61.444115,0.54411316
60.9,58.91062,-1.9893799
62.019997,61.298466,-0.7215309
62.019997,64.503,2.4830017
62.699997,64.356026,1.6560287
32.63,32.732304,0.10230255
32.63,29.472673,-3.1573277
32.63,19.909298,-12.720703
59.55,60.171486,0.62148666
59.55,60.118614,0.56861496
68.47,68.64645,0.176445
61.12,66.508934,5.388935
61.12,64.045746,2.925747
62.129997,62.63694,0.50694275
62.129997,60.765778,-1.3642197
61.879997,61.70553,-0.174469
63.84,63.93103,0.09103012
63.84,66.47817,2.6381721
56.32,58.187443,1.8674431
56.32,59.74493,3.4249306
59.820004,60.91756,1.0975571
59.820004,63.42213,3.602127
64.55,63.9262,-0.6238022
64.55,65.12727,0.5772705
25.84,25.732035,-0.10796547
25.84,24.540775,-1.2992249
63.35,63.023537,-0.3264618
63.35,63.345848,-0.0041503906
67.14,66.6509,-0.4890976
67.14,67.57908,0.43907928
55.78,55.17468,-0.60532
55.78,57.955967,2.1759682
18.01,17.268482,-0.741518
18.01,18.795301,0.7853012
60.140003,61.88012,1.7401161
60.140003,59.485714,-0.65428925
57.440002,60.0797,2.639698
63.059998,63.42215,0.3621521
63.059998,65.74444,2.6844406
63.84,62.560375,-1.2796249
63.84,64.774475,0.93447495
68.92,70.39358,1.4735794
68.92,70.042725,1.1227264
71.29,69.66473,-1.6252747
71.200005,69.8108,-1.3892059
71.200005,72.2784,1.078392
65.44,66.36075,0.92074585
65.44,65.304794,-0.13520813
58.13,63.876892,5.746891
58.13,60.054325,1.924324
65.909996,65.60033,-0.3096695
65.909996,67.27604,1.3660431
65.71,65.464226,-0.24577332
59.500004,60.005672,0.50566864
59.500004,60.373394,0.8733902
64.11,64.9757,0.86569977
64.11,63.582874,-0.5271263
62.75,64.072525,1.322525
62.75,62.904007,0.15400696
65.65,63.41965,-2.2303505
59.81,59.79098,-0.01902008
61.949997,61.744297,-0.20569992
61.949997,59.585148,-2.364849
67.079994,65.93066,-1.1493378
67.079994,67.22903,0.1490326
67.76,66.9066,-0.8534012
58.23,60.408497,2.1784973
68.2,67.34125,-0.8587494
57.260002,57.85302,0.5930176
56.32,56.97788,0.6578789
56.32,56.726646,0.40664673
71.270004,70.90298,-0.36702728
71.270004,70.650375,-0.6196289
66.17,65.29237,-0.8776245
66.17,65.457146,-0.7128525
60.030003,63.81549,3.7854881
67.34,67.73617,0.39617157
57.67,56.878178,-0.7918205
71.200005,70.04153,-1.1584778
71.200005,71.883736,0.6837311
64.46,64.60535,0.1453476
60.600002,60.735565,0.1355629
65.240005,65.42026,0.18025208
65.240005,66.233925,0.9939194
61.629997,63.785423,2.155426
60.140003,60.669662,0.5296593
60.140003,55.712635,-4.427368
71.21001,69.1839,-2.0261078
71.21001,69.47761,-1.732399
60.2,59.763424,-0.43657684
63.86,62.54248,-1.3175201
60.85,60.47945,-0.37054825
60.85,61.874207,1.0242081
60.85,60.95275,0.102752686
53.600002,56.72139,3.1213875
60.38,61.183506,0.80350494
60.38,63.469078,3.089077
63.020004,61.397953,-1.6220512
56.4,58.54584,2.1458397
56.4,60.26858,3.8685799
54.34,55.212593,0.8725929
54.34,53.651108,-0.68889236
64.55,65.31376,0.7637558
64.55,67.51157,2.9615707
32.63,28.446463,-4.1835384
32.63,30.257786,-2.3722153
32.63,27.917599,-4.7124023
59.500004,60.116543,0.616539
59.500004,59.95443,0.4544258
69.770004,68.672134,-1.0978699
69.770004,68.98182,-0.7881851
18.01,16.908403,-1.1015968
18.01,19.093801,1.0838013
71.78,70.38864,-1.3913574
72.45,72.08,-0.36999512
59.609997,58.61575,-0.99424744
59.609997,61.220505,1.610508
57.6,57.779346,0.17934799
64.47,63.66319,-0.8068123
63.800003,62.825382,-0.9746208
63.800003,64.600815,0.80081177
71.58,70.20219,-1.3778152
71.62,70.89671,-0.7232895
67.32,67.6629,0.34290314
68.3,68.08404,-0.21596527
68.3,66.31317,-1.9868317
65.79,65.692406,-0.097595215
65.79,62.72679,-3.0632095
56.82,57.861614,1.0416145
56.82,57.586414,0.76641464
54.34,55.85258,1.5125809
54.34,54.127872,-0.21212769
67.31,65.706314,-1.6036835
67.31,67.1661,-0.14389801
68.48,68.79234,0.31233978
56.82,58.02399,1.2039909
56.82,58.54537,1.7253685
62.019997,60.7511,-1.268898
62.019997,63.72886,1.7088623
63.03,61.88963,-1.1403694
63.03,64.44147,1.4114685
63.77,62.17997,-1.5900307
63.77,62.862175,-0.90782547
69.76,69.617424,-0.14257812
59.899998,60.685974,0.7859764
60.85,60.7661,-0.08389664
60.85,63.112587,2.2625885
60.85,62.3829,1.5329018
62.120003,61.525166,-0.5948372
59.859997,60.393612,0.5336151
46.96,46.384987,-0.5750122
58.18,60.64877,2.468769
58.18,46.429874,-11.750126
64.39,64.46507,0.07507324
50.700005,50.766808,0.06680298
50.700005,47.90141,-2.7985954
68.78,67.78442,-0.9955826
68.78,66.247536,-2.532463
59.539997,60.608345,1.0683479
59.539997,59.243687,-0.29631042
65.92,64.89448,-1.0255203
72.52,71.172646,-1.3473511
72.52,70.256645,-2.2633514
60.78,62.46415,1.6841507
69.770004,68.665375,-1.1046295
69.770004,69.35414,-0.41586304
60.38,61.76441,1.384407
60.38,63.21903,2.8390274
69.01,69.07538,0.06537628
59.539997,59.808243,0.2682457
59.539997,58.023037,-1.5169601
64.11,63.588367,-0.52163315
64.11,63.322906,-0.7870941
64.380005,65.208466,0.8284607
64.380005,65.58228,1.2022781
66.68,66.5456,-0.13439941
29.449999,28.8144,-0.63559914
55.78,47.15977,-8.620228
55.78,56.535442,0.7554436
63.89,64.12492,0.23492432
57.8,57.173885,-0.6261139
63.77,61.15246,-2.6175423
63.77,62.127922,-1.6420784
52.3,53.46331,1.163311
68.51,69.075836,0.56583405
69.08,69.17494,0.094940186
69.08,67.5325,-1.5475006
61.47,61.190456,-0.27954483
61.47,60.461754,-1.0082474
27.98,34.538544,6.558544
27.98,45.241566,17.261566
61.64,62.376423,0.7364235
61.64,64.21062,2.5706177
64.78001,63.818264,-0.9617424
63.800003,63.89124,0.091236115
63.800003,63.549202,-0.2508011
71.21001,70.07094,-1.1390686
71.21001,68.61732,-2.5926895
67.549995,64.4542,-3.0957947
67.549995,67.0758,-0.4741974
58.13,63.71143,5.5814285
58.13,62.685448,4.5554466
61.75,61.400467,-0.34953308
68.81,67.3337,-1.4762955
68.81,68.556,-0.2539978
56.699997,55.718887,-0.9811096
56.699997,56.40619,-0.29380798
62.17,62.50201,0.33201218
70.33,69.86457,-0.4654312
67.14,65.76872,-1.3712769
67.14,67.41597,0.27597046
17.86,25.906738,8.046738
17.86,19.138182,1.2781811
56.58,56.150074,-0.42992783
56.58,59.14758,2.5675774
55.299995,54.348858,-0.95113754
50.059998,52.30644,2.246441
50.059998,44.490665,-5.569332
59.55,59.598797,0.048797607
59.55,60.332443,0.782444
62.129997,63.03232,0.90232086
62.129997,59.734993,-2.3950043
58.18,61.50223,3.3222313
58.18,52.331615,-5.848385
68.92,68.85072,-0.0692749
68.92,70.45292,1.5329208
62.75,61.830692,-0.9193077
62.75,60.13825,-2.6117516
63.059998,62.43813,-0.62186813
63.059998,65.62016,2.5601654
61.93,62.09522,0.16521835
65.44,64.92964,-0.5103607
65.44,65.27663,-0.16337585
17.86,26.603312,8.743311
17.86,16.379715,-1.4802856
66.159996,65.76056,-0.39943695
65.05,63.494267,-1.5557365
62.840004,61.308235,-1.5317688
62.840004,64.817,1.9769974
65.97,65.962234,-0.0077667236
64.380005,64.399,0.018997192
64.380005,64.59295,0.21294403
66.17,66.32249,0.15248871
66.17,65.7779,-0.39209747
51.03,53.405613,2.3756142
68.72,69.955284,1.2352829
68.72,68.80311,0.083106995
56.699997,60.031284,3.3312874
56.699997,57.554523,0.8545265
57.08,59.960686,2.880684
65.79,67.13553,1.3455276
65.79,67.02616,1.2361603
63.03,60.59102,-2.43898
63.03,63.219772,0.18977356
57.08,57.53263,0.4526291
57.08,55.45873,-1.621273
67.079994,62.362797,-4.7171974
67.079994,66.56045,-0.5195465
55.559998,55.050068,-0.50992966
64.46,63.389915,-1.0700836
64.46,63.142212,-1.3177872
69.06,68.62342,-0.43657684
69.06,67.03785,-2.0221481
68.79,68.24284,-0.5471573
65.03,64.9234,-0.1065979
65.03,66.69489,1.6648941
56.739998,58.085876,1.3458786
56.739998,59.497875,2.7578773
43.68,45.928635,2.2486343
43.68,41.255657,-2.424343
43.68,42.87368,-0.8063202
60.41,60.67344,0.26343918
69.46,69.50994,0.049942017
69.46,66.21921,-3.2407913
60.829998,60.74564,-0.084358215
60.829998,61.949234,1.119236
60.829998,60.714073,-0.115924835
63.22,62.619473,-0.6005287
63.22,63.82012,0.60012054
66.74,66.295715,-0.44428253
66.74,67.97708,1.2370834
62.0,62.06555,0.06555176
70.420006,70.43041,0.010406494
70.420006,70.40414,-0.01586914
65.15,64.95349,-0.19651031
65.15,65.020096,-0.1299057
60.57,60.459667,-0.11033249
66.67,64.30062,-2.3693771
66.67,65.56524,-1.1047592
61.510002,60.677372,-0.83263016
61.510002,61.711056,0.20105362
66.53,67.69092,1.1609192
66.53,64.516525,-2.0134735
65.41,66.07433,0.6643295
65.41,63.429813,-1.9801903
66.57,65.59371,-0.97628784
66.57,68.37841,1.8084106
53.09,57.8282,4.738201
53.09,56.973976,3.883976
66.81,66.590416,-0.2195816
60.72,61.000042,0.28004074
60.72,62.081474,1.3614731
68.54,68.777374,0.23737335
68.54,69.10865,0.5686493
61.05,62.08291,1.0329094
70.060005,66.18243,-3.8775787
70.060005,66.36528,-3.694725
68.98,68.916794,-0.06320953
65.03,63.046455,-1.9835434
65.03,63.62003,-1.4099693
69.23,69.834854,0.60485077
64.36,64.270355,-0.089645386
64.36,63.83893,-0.5210724
64.36,62.28338,-2.076622
64.36,62.989605,-1.3703957
65.07,64.93825,-0.13175201
60.72,61.711758,0.99175644
60.72,62.307995,1.5879936
71.69,71.959175,0.26917267
57.65,58.672195,1.0221939
57.65,58.227295,0.5772934
68.28,68.05907,-0.220932
68.28,69.25249,0.9724884
65.58,66.98599,1.4059906
65.58,66.29185,0.7118454
68.46,69.490005,1.0300064
65.54,66.885765,1.3457642
63.77,63.003166,-0.76683426
65.58,63.993877,-1.5861244
65.58,65.300385,-0.2796173
68.65,68.674644,0.024642944
68.65,69.83793,1.1879272
66.869995,66.214836,-0.655159
66.869995,66.49931,-0.37068176
57.090004,57.416622,0.3266182
57.090004,58.027695,0.93769073
70.48,69.41349,-1.0665131
61.449997,61.11489,-0.3351059
61.449997,60.781765,-0.66823196
63.47,63.786526,0.3165245
45.89,50.49501,4.605011
45.89,54.657246,8.767246
61.879997,61.710537,-0.1694603
62.54,64.25065,1.7106476
62.54,64.56486,2.0248566
70.37,70.99306,0.6230545
70.37,69.671524,-0.6984787
60.45,58.10124,-2.3487625
49.3,50.6055,1.3055
49.3,40.766052,-8.533947
67.63,66.2946,-1.3353958
67.63,67.18548,-0.44451904
71.99,70.82126,-1.1687393
71.99,71.15245,-0.8375473
53.860004,54.170372,0.31036758
53.860004,58.46997,4.6099663
61.510002,60.6825,-0.8275032
61.510002,63.541664,2.031662
63.79,63.271694,-0.51830673
63.79,62.81091,-0.97909164
64.200005,64.24544,0.045433044
60.100002,60.303795,0.20379257
68.01,68.61402,0.60401917
64.1,64.1422,0.04219818
63.120003,63.91007,0.79006577
68.78,68.642944,-0.13705444
60.27,60.91075,0.6407509
60.27,61.176758,0.90675735
61.059998,60.449368,-0.61063004
61.059998,64.22308,3.163086
65.100006,64.20517,-0.8948364
65.100006,65.8421,0.74209595
59.210003,60.325832,1.1158295
63.89,66.028275,2.1382751
63.89,63.423054,-0.46694565
61.86,62.531452,0.67145157
63.65,63.219185,-0.43081665
63.65,63.494534,-0.15546799
70.98,69.69113,-1.2888718
70.98,68.930855,-2.0491486
66.17,68.23401,2.0640106
66.17,64.80907,-1.3609314
63.84,63.799072,-0.040927887
60.38,60.956234,0.5762329
60.38,61.81911,1.4391098
57.67,58.884823,1.2148247
57.67,58.261944,0.59194565
45.89,47.43435,1.5443497
45.89,46.93374,1.0437393
53.359997,52.092945,-1.2670517
53.359997,53.605194,0.2451973
65.41,66.70222,1.2922134
65.41,64.42706,-0.9829407
67.13,69.042564,1.9125671
67.13,66.65818,-0.47181702
63.35,64.18199,0.8319931
67.06,66.36149,-0.6985092
66.869995,66.06576,-0.80423737
66.869995,65.61302,-1.2569733
60.61,60.81383,0.20383072
61.86,62.831924,0.9719238
61.86,61.748028,-0.11197281
59.44,58.872772,-0.5672264
59.44,58.933025,-0.50697327
67.9,68.41002,0.5100174
62.65,62.39644,-0.25356293
61.57,60.626144,-0.9438553
61.57,61.7539,0.18389893
67.14,66.0055,-1.1344986
67.14,66.56266,-0.5773392
53.49,53.768085,0.2780838
69.770004,70.06522,0.29521942
57.309998,60.059254,2.7492561
70.66,68.59299,-2.0670166
70.66,69.935875,-0.7241287
64.64,64.25772,-0.38227844
72.96,69.2917,-3.6682968
72.96,72.140335,-0.819664
68.12,67.80761,-0.3123932
68.12,68.742546,0.62254333
57.74,58.738632,0.9986305
65.45,65.47386,0.023864746
65.45,66.291306,0.8413086
65.9,65.11347,-0.78652954
65.9,65.845474,-0.054527283
62.730003,64.74337,2.0133667
62.730003,62.70858,-0.02142334
61.96,60.620384,-1.3396149
67.59,67.70262,0.11262512
67.59,67.199234,-0.39076233
64.25,62.29531,-1.954689
66.75,67.1143,0.3643036
61.059998,59.855385,-1.2046127
61.059998,63.83387,2.7738724
72.96,71.34673,-1.613266
72.96,72.803604,-0.15639496
71.36,72.10774,0.7477417
54.51,55.666035,1.1560364
54.51,54.478497,-0.03150177
70.1,68.20583,-1.894165
68.5,67.66468,-0.8353195
64.51,63.804913,-0.70508957
71.67,70.802345,-0.8676529
70.66,69.88233,-0.7776718
70.66,69.24246,-1.4175415
60.62,60.516464,-0.1035347
60.62,59.315926,-1.3040733
66.6,64.21935,-2.3806458
66.6,65.72491,-0.87509155
70.93,70.848564,-0.08143616
67.59,68.10429,0.51428986
67.59,64.76224,-2.8277588
59.77,55.62047,-4.1495323
59.77,60.696815,0.92681503
65.88,66.94378,1.0637817
65.88,65.95225,0.072250366
62.85,63.334167,0.484169
62.85,63.658905,0.80890656
46.36,46.13122,-0.22877884
46.36,45.19313,-1.1668701
46.36,51.282703,4.922703
68.82,68.08469,-0.7353134
68.82,68.561424,-0.25857544
62.519997,63.27303,0.7530327
55.32,56.313126,0.9931259
55.269997,56.065845,0.79584885
64.55,64.779236,0.22923279
59.77,59.180492,-0.58950806
59.77,61.47408,1.7040787
63.89,63.315277,-0.5747223
59.350002,60.289574,0.9395714
59.350002,60.797455,1.4474525
60.62,62.101395,1.4813957
60.62,59.55589,-1.0641098
58.38,60.523624,2.1436234
60.31,61.241932,0.93193054
60.31,62.49577,2.1857681
69.53,69.372,-0.15799713
69.53,69.04701,-0.48298645
60.59,61.878937,1.2889366
60.59,61.381065,0.7910652
64.73,64.30984,-0.42016602
64.73,64.48225,-0.24775696
65.4,65.45673,0.056732178
65.4,64.58967,-0.81033325
62.660004,65.535645,2.8756409
62.660004,62.479782,-0.18022156
66.6,66.681496,0.08149719
54.949997,54.056828,-0.8931694
54.949997,56.346466,1.3964691
60.829998,60.944355,0.114356995
60.829998,61.152042,0.32204437
60.829998,60.324814,-0.5051842
61.86,61.82084,-0.039161682
61.86,62.225998,0.3659973
67.729996,65.99749,-1.7325058
67.729996,68.24476,0.5147629
62.840004,63.74709,0.9070854
65.4,66.16295,0.7629471
65.4,65.13043,-0.2695694
70.270004,66.56159,-3.7084122
70.270004,71.70499,1.4349823
63.15,62.052162,-1.0978394
66.63,67.573395,0.9433975
38.66,39.978737,1.318737
38.66,32.616707,-6.043293
71.25,68.19321,-3.0567932
71.25,69.33838,-1.9116211
67.63,66.42438,-1.2056198
67.63,68.26911,0.6391144
57.22,59.438663,2.2186623
69.520004,69.73069,0.21068573
69.520004,68.44806,-1.0719452
56.53,56.953587,0.4235878
64.64,66.266136,1.6261368
64.64,63.55241,-1.0875893
59.350002,59.101643,-0.24835968
59.350002,61.64701,2.2970085
67.729996,64.6954,-3.0345993
67.729996,66.60689,-1.1231079
60.43,63.647495,3.217495
60.43,60.65215,0.2221489
46.36,46.374,0.013999939
46.36,45.597904,-0.7620964
46.36,51.149063,4.7890625
61.15,60.918415,-0.23158646
61.93,61.891357,-0.038642883
63.340004,62.699627,-0.64037704
63.340004,64.609955,1.2699509
57.22,58.813522,1.5935211
57.22,58.011383,0.79138184
61.67,61.825382,0.15538406
69.12,69.0874,-0.032600403
70.560005,70.61387,0.053863525
57.239998,58.977573,1.7375755
57.239998,58.016987,0.776989
54.51,56.303757,1.7937584
54.51,54.429646,-0.08035278
61.57,61.596626,0.026626587
61.57,62.880325,1.3103256
46.36,45.77495,-0.5850525
46.36,42.676823,-3.683178
46.36,47.756226,1.396225
62.730003,62.034977,-0.6950264
62.730003,60.798656,-1.9313469
63.79,64.26893,0.4789276
63.79,63.233818,-0.55618286
71.130005,70.67239,-0.45761108
71.130005,71.17327,0.043266296
71.130005,70.65603,-0.47397614
62.54,63.580513,1.0405121
62.54,63.19228,0.6522789
57.83,58.519344,0.6893425
68.159996,68.67316,0.5131607
68.159996,70.37695,2.216957
69.67,69.68279,0.012794495
69.67,67.39075,-2.279251
68.28,67.371765,-0.90823364
68.28,67.423096,-0.8569031
72.38,66.68321,-5.696785
72.38,72.41316,0.033164978
66.61,67.754776,1.1447754
66.61,67.717865,1.1078644
68.82,67.865005,-0.9549942
68.82,68.79056,-0.029441833
56.550003,57.248146,0.698143
58.13,58.63316,0.50315857
25.48,28.201406,2.721407
68.159996,67.89488,-0.26511383
68.159996,68.479935,0.31993866
66.0,64.86702,-1.1329803
67.34,68.94534,1.6053467
67.34,65.8,-1.5399933
65.07,64.66908,-0.40091705
64.64,65.427574,0.78757477
64.64,62.01547,-2.6245308
70.65,68.39503,-2.2549744
70.65,71.59355,0.9435501
67.729996,65.14154,-2.5884552
67.729996,68.08887,0.35887146
64.73,65.07845,0.3484497
64.73,65.04969,0.3196869
69.0,68.77102,-0.22898102
51.510002,51.453926,-0.05607605
69.53,69.97844,0.44844055
69.53,68.38958,-1.140419
66.57,65.933044,-0.63695526
66.57,67.520615,0.9506149
54.27,55.94282,1.672821
72.27,72.00133,-0.26866913
60.13,60.431087,0.30108643
53.26,50.67355,-2.5864487
69.520004,69.65949,0.13948822
69.520004,68.547966,-0.97203827
62.809998,62.51676,-0.29323578
66.74,66.252335,-0.48766327
66.74,67.48826,0.7482605
60.69,60.680325,-0.009674072
60.69,62.902767,2.2127686
54.37,55.69924,1.3292427
54.37,50.20923,-4.1607704
66.53,67.64108,1.111084
66.53,64.28433,-2.2456665
61.68,61.327255,-0.35274506
61.68,61.647297,-0.0327034
63.22,64.24259,1.0225906
63.22,66.164604,2.944603
61.72,64.463264,2.7432632
68.32,69.37219,1.0521927
65.95,64.727005,-1.222992
65.49,64.229416,-1.260582
67.34,68.54797,1.2079773
67.34,66.456924,-0.8830719
62.71,61.967278,-0.74272156
62.71,62.645794,-0.06420517
65.9,66.22316,0.32315826
65.9,65.86948,-0.030525208
63.89,63.940643,0.05064392
63.89,60.654026,-3.2359734
62.11,63.403137,1.2931366
70.66,69.49904,-1.160965
56.940002,58.386135,1.4461327
56.940002,57.517944,0.5779419
60.31,61.44122,1.131218
60.31,63.741898,3.4318962
71.12,69.12145,-1.9985504
71.12,70.259575,-0.86042786
70.62,69.509056,-1.1109467
57.090004,56.541397,-0.5486069
57.090004,57.48447,0.3944664
62.71,62.81029,0.100292206
62.71,63.26381,0.5538101
60.59,60.032963,-0.55703735
60.59,60.407932,-0.18206787
66.409996,66.43798,0.02798462
66.409996,67.99239,1.5823975
68.54,68.744156,0.20415497
68.54,68.97117,0.4311676
63.440002,63.648415,0.20841217
38.66,46.167355,7.5073547
38.66,37.100418,-1.5595818
64.060005,64.93165,0.87164307
71.29,71.739006,0.44900513
71.29,69.95615,-1.3338547
64.1,63.955463,-0.14453506
67.14,68.12786,0.98786163
63.08,64.7136,1.6335983
63.08,64.753365,1.6733627
62.47,62.31253,-0.1574707
62.47,65.49219,3.0221863
70.65,70.44217,-0.20783234
70.65,71.61405,0.9640503
57.67,57.74815,0.0781517
57.67,57.68703,0.017032623
53.860004,53.15536,-0.70464325
53.860004,56.367832,2.5078278
65.15,65.21884,0.06884003
65.15,64.54994,-0.6000595
69.46,70.89443,1.434433
69.46,69.14238,-0.31761932
63.54,65.78037,2.2403717
63.54,64.19594,0.6559372
64.25,63.673664,-0.5763359
64.25,57.600616,-6.6493835
69.49,68.53081,-0.95919037
71.28,68.43263,-2.8473663
71.28,69.464226,-1.815773
71.25,70.34952,-0.9004822
71.25,69.993904,-1.2560959
62.75,60.549522,-2.2004776
62.75,62.72242,-0.027580261
46.54,47.578125,1.0381241
46.54,46.185562,-0.35443878
54.949997,57.347637,2.3976402
54.949997,58.983864,4.033867
68.12,67.461,-0.6590042
68.12,68.38953,0.26952362
46.7,33.243896,-13.456104
46.7,48.430466,1.7304649
62.85,63.857864,1.0078659
62.85,63.963093,1.1130943
62.58,61.4698,-1.1102028
71.28,67.6804,-3.5996017
71.28,70.30133,-0.9786682
66.61,66.77117,0.16117096
66.61,65.25798,-1.3520203
62.309998,63.287308,0.9773102
62.309998,64.18167,1.8716736
70.270004,65.57417,-4.6958313
70.270004,71.246475,0.97647095
63.340004,61.418842,-1.9211617
63.340004,63.072014,-0.2679901
68.65,68.92208,0.27207947
68.65,68.38229,-0.26770782
68.79,68.32645,-0.46355438
69.97,69.766655,-0.20334625
70.33,69.99633,-0.33367157
70.33,69.58206,-0.74794006
60.38,58.8062,-1.573803
60.38,59.828484,-0.5515175
65.88,67.77481,1.8948135
65.88,65.537155,-0.3428421
60.77,60.945534,0.1755333
60.77,60.701267,-0.068733215
60.27,62.014133,1.744133
60.27,63.15434,2.8843384
57.22,57.67357,0.4535675
57.22,56.680428,-0.53957367
62.6,61.70134,-0.89865875
57.65,58.718807,1.0688057
57.65,59.154503,1.5045013
66.799995,68.43488,1.6348877
66.799995,65.78294,-1.0170517
56.739998,55.527317,-1.2126808
56.739998,56.61461,-0.1253891
61.589996,62.511253,0.921257
53.149998,54.29488,1.1448822
59.960003,60.942204,0.9822006
53.359997,51.727127,-1.6328697
53.359997,54.334385,0.9743881
66.479996,65.31541,-1.1645889
71.100006,71.331055,0.23104858
54.16,54.876667,0.7166672
72.579994,70.04439,-2.5356064
72.579994,71.79749,-0.7825012
65.45,62.92912,-2.5208778
65.45,65.361206,-0.08879089
62.589996,63.88507,1.2950745
64.25,65.4274,1.1773987
64.25,62.975872,-1.274128
63.510002,64.79878,1.2887802
63.510002,63.048256,-0.46174622
69.31,70.70666,1.3966599
66.579994,64.523026,-2.0569687
66.579994,68.249115,1.6691208
66.579994,64.09904,-2.480957
66.579994,65.36019,-1.2198029
65.020004,64.68354,-0.33646393
46.7,45.440147,-1.2598534
46.7,56.033676,9.333675
64.41,63.86157,-0.5484352
50.5,51.8646,1.3646011
59.51,59.914185,0.40418625
59.51,59.070675,-0.43932343
69.67,69.083885,-0.586113
69.67,68.68744,-0.9825592
65.33,67.2886,1.9585953
65.33,65.59651,0.26651
62.47,60.670357,-1.7996445
62.47,62.991364,0.5213623
65.31,66.894325,1.5843277
65.31,65.19429,-0.1157074
50.089996,51.446037,1.356041
50.089996,51.959972,1.869976
62.54,63.267868,0.7278671
62.54,61.995567,-0.5444336
66.17,68.57865,2.4086533
66.17,65.8762,-0.29380035
56.160004,58.37094,2.2109375
56.160004,57.334743,1.1747398
54.25,54.53348,0.2834816
67.63,67.6095,-0.020500183
61.11,61.094677,-0.015323639
70.98,68.73854,-2.2414627
70.98,69.73827,-1.2417297
61.68,62.211735,0.53173447
61.68,62.762993,1.0829926
57.66,56.67072,-0.9892807
56.940002,58.176643,1.2366409
56.940002,57.19646,0.25645828
50.089996,52.336723,2.246727
50.089996,51.428474,1.3384781
69.24,68.4951,-0.74489594
71.99,70.66643,-1.3235703
71.99,71.40157,-0.5884247
70.060005,66.026054,-4.033951
70.060005,67.93834,-2.121666
66.799995,67.449615,0.64962006
66.799995,65.88418,-0.91581726
70.33,69.47568,-0.85432434
70.33,69.466606,-0.8633957
66.67,65.88893,-0.7810669
49.3,54.45635,5.156349
49.3,50.806175,1.506176
62.6,62.608833,0.008834839
59.44,60.057377,0.61737823
71.29,70.42273,-0.8672714
71.29,70.16979,-1.1202087
63.54,66.702545,3.1625443
63.54,64.38831,0.8483124
54.37,57.096733,2.7267342
54.37,52.71155,-1.6584473
70.340004,70.685036,0.34503174
66.6,66.57483,-0.025169373
66.6,67.20269,0.60269165
63.65,63.594555,-0.055446625
63.65,63.648003,-0.0019989014
67.0,65.55702,-1.4429779
59.52,59.7053,0.18529892
66.299995,65.910995,-0.38899994
67.78,67.89525,0.115249634
70.37,71.455574,1.0855713
70.37,68.17376,-2.1962433
62.739998,62.284367,-0.45563126
62.75,60.973953,-1.7760468
62.75,62.66224,-0.087760925
72.38,70.42619,-1.953804
72.38,72.233574,-0.14642334
72.579994,70.949394,-1.6306
72.579994,70.01737,-2.562622
71.12,69.17583,-1.9441757
71.12,68.35244,-2.7675629
61.0,62.830246,1.830246
56.160004,56.1284,-0.031604767
56.160004,54.67211,-1.4878922
61.85,63.486816,1.6368179
65.100006,65.00447,-0.09553528
65.100006,66.09045,0.99044037
67.189995,65.79751,-1.3924866
69.41,70.02127,0.6112671
70.420006,70.87158,0.45157623
70.420006,70.668274,0.24826813
59.44,58.74515,-0.6948471
59.44,59.249443,-0.19055557
63.08,64.485085,1.4050827
63.08,63.93261,0.8526077
60.52,60.81793,0.29792786
64.03,65.35589,1.3258896
64.03,65.78601,1.756012
65.58,64.017494,-1.5625076
71.130005,70.48709,-0.6429138
71.130005,72.36967,1.2396622
71.130005,70.477684,-0.65232086
65.45,60.86006,-4.5899353
65.45,65.537415,0.0874176
57.239998,59.847187,2.6071892
57.239998,58.748035,1.5080376
63.510002,62.346573,-1.1634293
63.510002,60.5317,-2.978302
60.43,61.95949,1.5294914
60.43,60.099285,-0.33071518
60.77,61.776215,1.0062141
60.77,60.652264,-0.11773682
65.76,66.00422,0.24421692
66.95,68.49571,1.5457153
67.14,68.229,1.0889969
67.14,66.33906,-0.80094147
65.58,65.44662,-0.1333847
62.309998,61.841274,-0.4687233
62.309998,63.274826,0.9648285
72.15,69.96023,-2.1897736
46.54,47.339874,0.79987335
46.54,46.60832,0.06831741
43.68,47.401066,3.7210655
43.68,40.70856,-2.9714394
43.68,44.637115,0.9571152
65.53,66.25788,0.7278824
53.09,54.854465,1.7644653
53.09,54.630047,1.5400467
67.13,68.12962,0.99962616
67.13,67.081375,-0.04862213
65.729996,65.81827,0.088272095
59.51,59.522522,0.012523651
59.51,60.208267,0.6982689
65.45,64.61859,-0.83140564
65.45,67.0638,1.6138
61.449997,61.0317,-0.4182968
61.449997,61.071102,-0.3788948
60.829998,61.42949,0.5994911
60.829998,61.3797,0.5497017
60.829998,61.040974,0.21097565
43.68,43.580624,-0.09937668
43.68,39.084415,-4.595585
43.68,44.017506,0.33750534
64.590004,65.24143,0.6514282
45.55,51.56336,6.013359
45.55,50.239826,4.689827
62.309998,63.396442,1.0864449
63.510002,64.65083,1.140831
65.33,66.32011,0.9901047
65.33,63.55967,-1.7703323
66.409996,66.423996,0.013999939
66.409996,67.693954,1.2839584
64.46,63.917755,-0.54224396
64.46,63.95041,-0.50959015
66.67,65.543465,-1.1265335
66.67,66.409096,-0.2609024
62.54,63.570576,1.0305748
62.54,62.09954,-0.4404602
63.91,64.97297,1.0629692
45.55,45.95906,0.40906143
45.55,48.292046,2.7420464
69.06,67.959175,-1.1008224
69.06,68.321,-0.7389984
62.660004,62.281704,-0.3782997
62.660004,57.329414,-5.3305893
60.69,59.471043,-1.218956
60.69,60.196804,-0.49319458
64.03,64.25343,0.22343445
64.03,64.402596,0.37259674
67.729996,66.593704,-1.1362915
67.729996,66.3761,-1.3538971
59.49,60.143494,0.653492
65.31,66.70539,1.3953934
65.31,63.023174,-2.2868233
71.130005,70.18197,-0.9480362
71.130005,72.18985,1.059845
71.130005,70.48597,-0.64403534
69.16,67.93901,-1.220993
63.91,63.817818,-0.09218216
63.91,64.55485,0.64484787
61.43,60.28685,-1.1431503
50.79,52.089237,1.2992363
50.79,56.6388,5.8488007
67.189995,67.63852,0.44852448
67.189995,65.61115,-1.5788422
61.61,62.71768,1.1076813
61.61,61.502552,-0.10744858
61.799995,61.367393,-0.43260193
61.799995,60.761833,-1.0381622
56.770004,57.749397,0.979393
54.079998,53.998245,-0.08175278
68.4,68.45991,0.059906006
68.4,66.86836,-1.5316391
67.65,66.25914,-1.3908615
59.829998,60.092987,0.26298904
62.809998,62.77736,-0.03263855
62.809998,63.240223,0.43022537
65.93,61.579506,-4.3504944
65.93,65.652695,-0.2773056
56.21,55.486946,-0.723053
56.21,56.39482,0.18482208
66.59,66.96541,0.375412
66.59,64.15195,-2.4380493
59.249996,59.207314,-0.042682648
59.249996,56.753296,-2.4967003
71.26,70.98621,-0.27378845
71.26,69.7707,-1.4893036
61.799995,61.151558,-0.6484375
61.799995,61.53896,-0.26103592
63.239998,63.205505,-0.034492493
63.239998,63.125153,-0.114845276
67.93,66.76807,-1.1619339
67.93,66.51396,-1.4160385
67.479996,67.02469,-0.455307
67.479996,65.43516,-2.044838
65.4,67.120544,1.7205429
65.4,65.70164,0.30163574
61.16,64.28519,3.125187
61.16,60.511692,-0.6483078
52.219997,53.396618,1.1766205
64.310005,63.783634,-0.526371
70.72,69.60802,-1.1119843
70.72,68.99922,-1.7207794
53.530003,55.766678,2.2366753
65.33,65.05915,-0.27085114
71.76,71.517075,-0.24292755
71.76,71.635185,-0.124816895
68.11,69.18805,1.0780487
68.11,67.69444,-0.41555786
70.64,69.999565,-0.64043427
70.64,69.37279,-1.2672119
60.59,59.153046,-1.4369545
60.59,61.20026,0.61026
38.420002,37.498512,-0.9214897
38.420002,39.932205,1.5122032
38.420002,55.538387,17.118385
69.48,68.68516,-0.7948456
69.48,68.52549,-0.95451355
66.369995,65.594574,-0.77542114
66.369995,67.04726,0.67726135
60.84,62.915207,2.0752068
60.84,61.097527,0.2575264
68.85,68.28127,-0.5687256
68.85,66.397896,-2.4521027
63.6,63.118027,-0.48197174
63.6,61.600853,-1.9991455
63.81,61.14679,-2.6632118
63.81,62.993282,-0.81671906
57.480003,58.13569,0.6556854
57.480003,58.54756,1.0675583
66.979996,66.54138,-0.4386139
66.979996,66.24963,-0.73036194
54.71,56.351395,1.6413956
54.71,58.342327,3.632328
65.66,65.39128,-0.26872253
65.66,66.773254,1.1132507
64.850006,66.495636,1.6456299
64.850006,63.113457,-1.7365494
68.56,69.83369,1.2736893
68.56,66.51035,-2.0496445
52.69,47.738846,-4.951153
52.69,52.031837,-0.65816116
72.0,71.53221,-0.4677887
72.0,69.30371,-2.696289
63.65,65.163704,1.5137024
63.65,64.65175,1.0017471
54.71,55.350697,0.6406975
54.71,56.622196,1.9121971
60.34,61.29458,0.9545784
60.34,61.11254,0.77254105
61.589996,60.84495,-0.7450447
61.589996,64.71456,3.1245651
70.64,68.4661,-2.1738968
70.64,68.41811,-2.2218857
68.56,68.56578,0.005783081
68.56,65.20164,-3.3583603
60.84,61.637867,0.7978668
60.84,62.05918,1.2191811
64.630005,66.61357,1.9835663
64.630005,64.310234,-0.3197708
61.53,63.394936,1.8649368
69.5,68.49137,-1.0086288
57.090004,58.900227,1.8102226
57.090004,57.19484,0.10483551
60.95,61.93032,0.98032
60.95,61.626617,0.67661667
64.850006,64.00479,-0.84521484
64.850006,67.98091,3.1309052
68.5,69.84979,1.3497925
68.5,66.54819,-1.9518127
38.420002,39.35885,0.9388466
38.420002,41.268166,2.8481636
38.420002,56.200497,17.780495
62.78,65.11251,2.332512
62.78,65.38446,2.6044617
57.36,57.305676,-0.054325104
57.36,54.1589,-3.2010994
64.21,64.05758,-0.15242004
64.21,63.11677,-1.0932274
67.06,66.05678,-1.0032196
64.12,64.206314,0.08631134
10.09,8.043451,-2.0465488
10.09,16.294645,6.204645
66.659996,66.62088,-0.039115906
69.48,68.244774,-1.2352295
67.29,65.985634,-1.3043671
67.29,66.00017,-1.2898331
72.399994,70.97698,-1.4230118
64.61,65.199486,0.58948517
64.61,65.75082,1.1408157
57.480003,59.33053,1.8505249
57.480003,59.792286,2.3122826
60.89,61.594517,0.70451736
60.89,60.311516,-0.5784836
60.89,58.39299,-2.4970093
70.700005,71.74342,1.0434189
70.700005,68.40328,-2.2967224
65.94,64.36887,-1.5711288
65.21,65.2615,0.051498413
65.21,63.828777,-1.3812218
65.16,65.365746,0.20574188
65.16,64.75718,-0.4028244
72.75,70.173004,-2.5769958
72.75,71.067635,-1.6823654
72.75,71.59108,-1.1589203
65.62,65.071075,-0.5489273
62.089996,65.700836,3.6108398
62.089996,63.410908,1.3209114
71.74,70.55983,-1.1801682
68.11,67.86143,-0.2485733
68.11,66.70016,-1.4098434
69.72,70.7449,1.0249023
69.72,69.23268,-0.48731995
55.53,55.933483,0.40348434
62.410004,62.472076,0.062072754
62.410004,61.376675,-1.033329
68.9,68.198135,-0.70186615
68.9,69.739655,0.839653
68.9,66.735916,-2.1640854
68.9,69.42692,0.5269165
63.559998,63.581474,0.021476746
63.559998,61.193233,-2.366764
72.45,67.94403,-4.505966
72.45,63.79756,-8.652435
60.81,62.3344,1.5243988
60.81,60.431957,-0.37804413
70.29,69.04953,-1.2404709
70.29,70.462814,0.17281342
70.700005,70.51925,-0.18075562
70.700005,66.88174,-3.8182678
64.850006,65.346535,0.49652863
64.850006,65.94659,1.0965805
64.54,66.32294,1.7829361
64.54,64.882935,0.34293365
67.47,66.53426,-0.9357376
59.649998,59.881954,0.23195648
61.54,61.46018,-0.07982254
51.64,55.097885,3.4578857
64.21,64.71797,0.5079727
64.21,63.270092,-0.9399071
63.190002,62.99588,-0.19412231
63.190002,62.208183,-0.98181915
60.89,62.269527,1.379528
60.89,61.47945,0.58945084
60.89,60.19228,-0.6977196
63.559998,65.52741,1.9674149
63.559998,64.04964,0.48963928
55.75,55.18388,-0.56612015
63.83,62.60837,-1.2216301
63.83,64.06793,0.2379303
71.08,67.634445,-3.4455566
71.08,71.542076,0.46207428
67.479996,68.44072,0.9607239
67.479996,65.52438,-1.9556122
63.480003,62.728607,-0.7513962
63.480003,64.292625,0.8126221
57.36,59.049892,1.6898918
57.36,55.87915,-1.4808502
67.93,67.64988,-0.28012085
67.93,66.62166,-1.308342
66.479996,66.43067,-0.049324036
67.799995,68.30899,0.50899506
67.799995,67.96647,0.16647339
71.26,70.788605,-0.4713974
71.26,70.116394,-1.1436081
63.08,63.97635,0.89634705
62.78,64.65173,1.8717346
62.78,65.87958,3.0995789
63.65,64.83195,1.1819458
63.65,64.300896,0.65089417
71.25,70.96407,-0.28592682
71.25,71.07648,-0.17352295
66.84,66.01378,-0.82621765
57.63,58.128094,0.49809265
65.93,61.77262,-4.157379
65.93,65.147934,-0.78206635
70.86,70.20544,-0.6545639
70.86,70.627396,-0.23260498
52.69,53.166157,0.47615814
52.69,56.09826,3.4082603
63.059998,63.457108,0.39711
70.39,69.1023,-1.2876968
54.78,55.257584,0.47758484
54.78,50.290592,-4.4894066
67.14,66.87179,-0.26821136
64.850006,67.28479,2.434784
64.850006,65.21797,0.3679657
63.91,63.875725,-0.034275055
63.91,65.31911,1.4091072
48.51,49.312695,0.8026962
48.51,45.310303,-3.1996956
61.16,61.656178,0.49617767
61.16,56.78243,-4.377571
62.089996,64.684586,2.5945892
62.089996,62.70616,0.61616516
59.289997,62.625248,3.3352509
59.289997,61.45621,2.166214
61.239998,62.757324,1.5173264
63.6,63.87043,0.27043152
63.6,63.325245,-0.27475357
65.44,65.824715,0.38471222
70.51,69.455505,-1.0544968
70.51,69.289986,-1.2200165
63.83,62.385715,-1.4442863
63.83,64.21606,0.386055
67.25,69.86719,2.6171875
60.89,61.981644,1.0916443
60.89,61.577045,0.68704605
60.89,62.13449,1.2444916
56.21,57.124405,0.9144058
56.21,58.717834,2.5078354
68.39,67.56726,-0.82273865
57.86,60.964447,3.1044464
57.86,59.39934,1.539341
72.45,69.25619,-3.1938095
72.45,69.849014,-2.6009827
71.19,70.339325,-0.8506775
71.19,70.68626,-0.50374603
63.660004,63.53262,-0.12738419
63.660004,61.0452,-2.6148033
63.36,63.144493,-0.2155075
70.560005,69.49088,-1.0691223
57.77,57.207073,-0.56292725
67.229996,67.91864,0.6886444
56.58,55.739666,-0.84033585
56.58,54.00747,-2.5725327
63.690002,64.127235,0.43723297
63.0,63.338757,0.33875656
63.0,61.495876,-1.5041237
56.58,56.119793,-0.4602089
56.58,52.8454,-3.7346
72.259995,71.305275,-0.95471954
72.259995,71.0903,-1.169693
63.489998,62.917507,-0.5724907
61.09,63.222088,2.1320877
61.09,61.183636,0.09363556
53.920002,53.76441,-0.15559387
10.09,7.0491924,-3.0408077
10.09,10.404092,0.31409168
70.72,69.50721,-1.2127914
70.72,70.10278,-0.617218
57.86,61.746902,3.8869019
57.86,60.288948,2.4289474
64.560005,63.975155,-0.5848503
69.55,69.30679,-0.24320984
69.55,67.82548,-1.7245255
66.08,65.16519,-0.9148102
64.54,65.730385,1.1903839
64.54,64.51623,-0.023773193
61.729996,63.59443,1.8644333
61.199997,59.628426,-1.5715714
61.199997,60.625183,-0.57481384
68.5,69.15874,0.6587372
61.61,61.382248,-0.22775269
61.61,59.553177,-2.0568237
69.86,70.29455,0.43454742
72.0,66.89835,-5.1016464
72.0,71.98215,-0.017852783
57.66,59.892445,2.2324448
59.289997,60.705036,1.4150391
59.289997,60.654808,1.364811
61.589996,60.731518,-0.85847855
61.589996,63.6725,2.0825043
67.93,68.31285,0.38285065
67.93,67.60363,-0.32637024
67.56,67.395195,-0.16480255
67.56,67.25534,-0.30465698
63.480003,63.470787,-0.009216309
63.480003,64.59488,1.1148758
70.51,68.21603,-2.2939758
70.51,69.81602,-0.693985
60.460003,60.81376,0.35375595
60.460003,61.384563,0.92456055
67.34,68.92423,1.5842361
67.93,66.48412,-1.4458771
67.93,65.0462,-2.8837967
59.570004,59.041023,-0.52898026
59.570004,60.369564,0.79956055
68.51,67.932976,-0.57702637
60.460003,60.686333,0.2263298
60.460003,60.052235,-0.40776825
59.539997,59.343792,-0.19620514
67.189995,68.298874,1.1088791
67.189995,66.287094,-0.9029007
65.39,66.22476,0.8347626
65.39,64.99142,-0.39858246
67.29,65.78461,-1.505394
67.29,66.50428,-0.7857208
67.799995,67.84596,0.045967102
67.799995,67.88773,0.08773804
66.979996,65.77953,-1.2004623
66.979996,65.73169,-1.2483063
38.420002,31.805485,-6.614517
38.420002,29.929014,-8.490988
38.420002,33.596333,-4.8236694
72.71999,70.3784,-2.341591
72.71999,71.5327,-1.187294
59.13,59.363514,0.23351288
69.2,68.8442,-0.3557968
69.2,66.89157,-2.308426
67.159996,68.18775,1.0277557
56.770004,55.975746,-0.7942581
65.32,64.77767,-0.5423279
62.25,61.03853,-1.2114716
62.25,65.52006,3.2700577
63.72,63.930626,0.2106247
71.22,70.57672,-0.64328
63.83,64.3245,0.4944992
63.83,66.07068,2.2406769
60.95,61.821262,0.8712616
60.95,61.28913,0.3391304
60.56,60.274593,-0.28540802
60.56,62.7845,2.2244987
62.760002,64.7778,2.0177994
62.760002,64.954506,2.1945038
70.86,71.34802,0.48802185
70.86,70.846794,-0.013206482
72.71999,68.43381,-4.286186
72.71999,70.63009,-2.0899048
63.480003,63.93653,0.4565277
62.96,63.92706,0.9670601
69.630005,67.53092,-2.099083
61.65,63.517006,1.8670044
71.78,70.23256,-1.5474396
71.3,70.609924,-0.69007874
71.3,70.56186,-0.7381439
62.300003,62.197407,-0.10259628
63.0,63.62788,0.6278801
63.0,61.407574,-1.5924263
65.76,66.17907,0.41906738
65.76,65.2718,-0.48820496
69.590004,68.79638,-0.7936249
71.3,70.68675,-0.61325073
71.3,70.7022,-0.5978012
67.42,66.73338,-0.686615
72.75,71.42158,-1.3284225
72.75,71.49816,-1.2518387
72.75,72.8447,0.094703674
63.660004,64.9472,1.2871933
63.660004,62.62649,-1.0335121
65.81,66.34351,0.53351593
54.78,58.62515,3.84515
54.78,54.940193,0.1601944
65.66,64.4096,-1.2504044
65.66,65.211815,-0.44818878
62.410004,63.369728,0.9597244
62.410004,64.50927,2.099266
60.89,60.5709,-0.31909943
60.89,60.644783,-0.24521637
64.740005,61.2642,-3.4758072
57.86,58.733135,0.8731346
65.39,65.53167,0.14167023
65.39,64.29941,-1.0905914
63.78,64.461876,0.68187714
72.75,69.95199,-2.7980118
72.75,70.47223,-2.277771
72.75,73.01351,0.26351166
68.44,68.6525,0.2124939
59.350002,60.22377,0.87376785
60.34,61.005257,0.6652565
60.34,61.706562,1.3665619
68.4,68.68464,0.28463745
68.4,68.59806,0.19805908
66.59,68.91666,2.3266602
66.59,65.77729,-0.812706
68.229996,68.076965,-0.1530304
71.19,71.37697,0.18696594
71.19,71.24235,0.052345276
71.76,71.83522,0.0752182
71.76,71.639305,-0.12069702
61.3,61.95009,0.65008926
65.4,65.61135,0.21134949
65.4,64.38848,-1.0115204
63.090004,63.43624,0.34623718
69.55,69.27279,-0.27721405
69.55,66.98816,-2.5618439
72.06,69.70708,-2.3529205
57.090004,60.22414,3.1341362
57.090004,58.452065,1.3620605
67.479996,66.151825,-1.3281708
67.94,68.241135,0.3011322
64.61,63.372528,-1.2374725
64.61,66.78079,2.1707916
69.54,66.88149,-2.6585083
66.82,64.88346,-1.9365387
66.82,68.26233,1.4423294
64.22,66.6064,2.3863983
60.85,60.23995,-0.6100502
60.85,56.890633,-3.9593658
63.190002,63.674034,0.48403168
63.190002,63.07014,-0.1198616
62.730003,64.391754,1.6617508
66.369995,63.880955,-2.4890404
66.369995,66.43128,0.061286926
68.409996,68.372,-0.037994385
68.409996,66.29313,-2.116867
62.760002,65.612816,2.8528137
62.760002,64.06395,1.3039474
71.08,69.991516,-1.0884857
71.08,72.09848,1.0184784
68.94,70.55265,1.612648
68.94,67.89307,-1.046936
66.46,65.70981,-0.75019073
69.72,70.68523,0.9652252
69.72,68.946014,-0.7739868
70.29,68.351006,-1.9389954
70.29,68.896774,-1.3932266
61.09,63.236774,2.1467743
61.09,60.448624,-0.6413765
65.4,66.62274,1.2227402
59.570004,58.27462,-1.2953835
59.570004,60.90128,1.3312759
68.94,68.65524,-0.28475952
68.94,65.57827,-3.3617325
65.16,65.48119,0.32118988
65.16,65.944954,0.78495026
55.12,55.507774,0.38777542
60.81,62.186676,1.3766747
60.81,60.860847,0.0508461
72.259995,72.24373,-0.01626587
72.259995,71.771935,-0.48806
67.75,68.13536,0.38536072
61.5,58.59534,-2.9046593
57.489998,59.26095,1.7709503
57.489998,58.69859,1.2085915
71.25,71.22004,-0.029960632
71.25,69.876495,-1.3735046
60.76,61.69868,0.93868256
61.3,61.314575,0.014575958
61.3,61.654133,0.3541336
59.420002,60.850315,1.4303131
59.420002,57.42032,-1.9996834
48.51,48.323242,-0.18675613
48.51,42.36128,-6.14872
62.809998,62.479763,-0.33023453
62.809998,63.167976,0.35797882
65.76,66.087135,0.32713318
65.76,68.36605,2.6060486
68.409996,68.421074,0.011077881
68.409996,67.98944,-0.4205551
63.81,63.66946,-0.14054108
63.81,65.11022,1.3002205
64.29,64.592636,0.3026352
65.21,66.7279,1.5178986
65.21,64.093025,-1.1169739
66.82,64.82389,-1.996109
66.82,66.55252,-0.26747894
55.92,56.786674,0.86667633
63.239998,62.658756,-0.5812416
63.239998,63.11441,-0.12558746
65.42,64.99177,-0.4282303
64.630005,67.09357,2.463562
64.630005,64.20411,-0.4258957
72.17,72.06627,-0.10372925
59.420002,61.465706,2.045704
59.420002,60.336613,0.9166107
68.4,67.296524,-1.1034775
59.249996,60.221493,0.9714966
59.249996,58.926086,-0.32390976
60.59,60.666008,0.07600784
60.59,62.40158,1.8115807
68.5,69.933395,1.4333954
68.5,67.41661,-1.0833893
60.56,59.786236,-0.77376556
60.56,62.680878,2.1208763
62.25,60.52952,-1.7204819
62.25,62.01991,-0.2300911
60.51,60.801662,0.29166412
69.2,68.83255,-0.3674469
69.2,68.581345,-0.61865234
72.38,71.64496,-0.73503876
60.85,62.077183,1.2271843
60.85,60.34407,-0.50592804
68.85,66.05149,-2.7985077
68.85,68.19067,-0.6593323
67.56,67.92833,0.3683319
67.56,66.82582,-0.73417664
65.57,65.47745,-0.092552185
50.79,51.652313,0.8623123
50.79,54.05401,3.2640076
59.26,58.826847,-0.43315125
61.3,60.3217,-0.9782982
61.3,61.237263,-0.06273651
61.199997,59.50344,-1.6965561
61.199997,60.64864,-0.55135727
57.489998,58.17387,0.6838722
57.489998,58.310997,0.82099915
60.89,61.215652,0.32565308
60.89,61.689884,0.7998848
69.66,68.30053,-1.3594742
69.48,69.79667,0.31666565
69.48,68.735306,-0.7446976
48.61,46.394394,-2.2156067
63.83,63.13999,-0.6900101
63.83,64.24102,0.41101837
68.35,68.94654,0.59654236
61.23,60.868187,-0.3618126
61.23,62.624393,1.3943939
61.23,61.91954,0.68954086
61.23,61.16174,-0.06826019
