True_EF,Predicted_EF_Fused,Error
72.67,65.57088,-7.099121
15.57,16.833605,1.2636051
65.04,65.57623,0.536232
61.29,67.05287,5.762871
27.880001,61.761345,33.881344
68.65,65.72809,-2.9219131
65.44,65.25021,-0.18978882
65.05,64.43854,-0.61146545
48.859997,59.448643,10.588646
67.369995,66.775826,-0.5941696
25.9,38.70661,12.806612
67.03,64.957344,-2.0726547
67.03,64.957344,-2.0726547
67.03,64.957344,-2.0726547
12.02,17.57306,5.5530586
68.01,65.02628,-2.9837189
68.06,63.802814,-4.257183
72.96,65.35023,-7.6097717
62.65,64.204636,1.5546341
60.74,64.03595,3.295948
70.880005,66.93767,-3.942337
63.090004,62.926228,-0.1637764
69.8,65.077515,-4.7224884
61.29,65.993,4.7029953
71.240005,65.93146,-5.308548
28.099998,62.006126,33.906128
70.490005,66.13624,-4.3537674
40.43,64.36077,23.93077
70.740005,63.54721,-7.192795
56.760002,45.14139,-11.61861
60.88,60.785843,-0.09415817
67.2,65.20752,-1.9924774
67.45,63.98917,-3.4608269
15.2,17.578117,2.3781176
71.94,66.624306,-5.3156967
18.33,43.953785,25.623785
43.71,42.1485,-1.5615005
50.36,62.64094,12.280941
29.929998,50.032055,20.102057
69.87,65.12491,-4.7450943
65.72,65.530624,-0.18937683
66.59,59.494072,-7.0959244
68.88,65.04452,-3.8354797
70.08,61.09301,-8.986992
67.29,63.607956,-3.682045
66.689995,65.274536,-1.4154587
70.55,63.872803,-6.6772003
29.23,36.6863,7.456299
63.200005,65.69057,2.4905624
70.55,65.267525,-5.2824783
68.01,66.38791,-1.6220932
46.99,43.836597,-3.1534042
67.86,64.90621,-2.9537888
71.08,65.91395,-5.166054
60.989998,65.144646,4.154648
71.11,64.491005,-6.6189957
64.05,66.19032,2.1403198
65.29,64.55745,-0.7325516
70.490005,64.98978,-5.500229
66.89,62.927467,-3.962532
70.19,65.43838,-4.751625
60.54,63.368027,2.8280258
65.23,65.092155,-0.1378479
60.63,64.299255,3.6692543
60.97,59.64279,-1.3272095
64.87,63.879795,-0.9902077
60.140003,64.477684,4.337681
55.92,64.36714,8.447144
71.65,65.16471,-6.4852905
60.27,64.92177,4.6517677
62.949997,61.023777,-1.9262199
59.63,59.956,0.3260002
50.15,64.3206,14.170601
66.979996,56.41491,-10.565086
25.75,14.2812195,-11.4687805
65.45,62.32571,-3.1242867
57.18,63.029934,5.8499336
16.300001,38.051907,21.751905
61.67,65.21742,3.5474243
32.71,61.79513,29.085133
60.030003,66.12898,6.09898
72.5,65.67128,-6.82872
60.070004,64.24346,4.173458
69.13,66.05403,-3.075966
66.84,63.44785,-3.392147
68.22,65.13631,-3.0836945
67.81,64.44684,-3.3631592
61.6,63.52324,1.9232407
66.04,63.97329,-2.0667114
54.68,63.78888,9.108879
64.14,64.270775,0.13077545
52.12,56.862335,4.7423363
59.12,65.58905,6.4690514
66.56,63.53177,-3.0282288
20.19,34.173374,13.983374
65.28,63.938183,-1.341816
60.19,64.33872,4.1487236
69.47,61.169636,-8.300365
60.89,60.42345,-0.46654892
69.67,64.97283,-4.6971664
61.11,64.12995,3.0199509
69.64,65.03274,-4.6072617
55.190002,60.965187,5.7751846
57.82,60.30514,2.4851418
57.050003,64.64154,7.5915375
58.26,58.984833,0.72483444
50.980003,61.43718,10.457176
63.21,65.16162,1.951622
65.96,65.694466,-0.26553345
66.46999,64.95507,-1.5149231
60.54,64.69931,4.1593094
67.34,60.39715,-6.942848
61.440002,63.842136,2.402134
57.340004,63.961506,6.621502
59.63,64.09422,4.464222
62.699997,62.942917,0.24291992
61.89,58.747204,-3.1427956
54.85,61.897785,7.0477867
61.199997,62.055527,0.8555298
65.96,64.28664,-1.6733627
61.28,63.236607,1.9566078
67.729996,64.8155,-2.9144974
64.36,62.697155,-1.6628456
55.440002,56.65822,1.218216
67.009995,64.90516,-2.1048355
63.67,65.7312,2.061203
67.22,65.02424,-2.1957626
58.01,62.195473,4.1854744
68.47,63.433968,-5.0360336
68.67,66.15708,-2.5129166
47.9,40.242805,-7.657196
64.53,63.277065,-1.2529335
60.78,63.328922,2.5489235
65.83,67.10112,1.2711182
40.55,60.237797,19.687798
59.719997,61.86741,2.1474113
59.780003,63.30788,3.5278778
60.219997,65.1223,4.902302
67.1,65.3111,-1.7889023
58.399998,64.09501,5.695011
43.32,61.509438,18.189438
64.33,63.96459,-0.36541367
65.65,64.51981,-1.130188
47.01,45.49508,-1.5149193
60.110004,65.534454,5.42445
62.83,61.37083,-1.4591713
64.950005,63.00832,-1.9416847
62.9,60.86553,-2.0344734
65.66,64.756775,-0.90322876
61.059998,60.61409,-0.4459076
66.89,65.35237,-1.5376282
65.89,63.714947,-2.1750526
64.12,64.57926,0.45925903
60.59,65.906715,5.3167152
69.950005,62.727863,-7.2221413
65.130005,65.46283,0.3328247
60.079998,60.47287,0.39287186
61.440002,66.02599,4.585991
53.609997,59.32311,5.713112
48.66,37.82442,-10.835579
46.01,47.550793,1.5407944
55.440002,50.907642,-4.53236
58.399998,64.79805,6.398052
65.86,65.30316,-0.556839
66.619995,65.32658,-1.2934189
71.46,64.56458,-6.8954163
69.13,65.76908,-3.3609161
68.96,64.91649,-4.0435104
61.47,63.83823,2.368229
68.65,66.393074,-2.2569275
63.660004,65.59244,1.9324341
60.180004,64.199425,4.0194206
68.4,66.061714,-2.3382874
61.699997,66.415436,4.715439
71.46,61.174763,-10.285236
64.850006,64.35841,-0.4915924
63.54,61.33993,-2.2000694
56.019997,60.960243,4.9402466
62.93,65.28164,2.3516388
62.660004,64.2055,1.5454941
67.56,63.41251,-4.1474876
69.83,60.003716,-9.826286
61.68,57.943024,-3.7369766
64.8,61.466835,-3.333168
55.800003,58.189976,2.3899727
57.020004,65.813156,8.793152
61.690002,66.60132,4.911316
68.01,64.31103,-3.6989746
65.25,65.14485,-0.105148315
61.559998,63.48427,1.9242706
64.96001,65.164154,0.20414734
61.690002,63.68295,1.9929466
63.739998,64.429924,0.68992615
64.810005,64.88221,0.07220459
62.35,60.17222,-2.1777802
67.2,64.071205,-3.1287918
60.36,65.3587,4.998703
63.33,64.52996,1.1999588
69.86,65.17541,-4.684593
59.640003,61.135067,1.4950638
26.980001,15.023396,-11.956606
37.98,53.908775,15.928776
57.340004,63.698925,6.358921
65.47,64.133575,-1.3364258
22.93,17.349104,-5.5808964
51.41,62.678093,11.268093
57.200005,67.11755,9.917549
71.66,64.116135,-7.543869
67.63,60.26589,-7.364109
66.299995,64.68683,-1.6131668
23.19,38.09849,14.908491
60.89,62.065292,1.175293
59.37,62.056274,2.6862755
60.77,64.53617,3.7661705
60.09,63.3212,3.2312012
48.66,61.19832,12.538319
68.9,61.75133,-7.14867
67.03,63.734077,-3.2959213
65.65,65.284805,-0.36519623
43.32,59.33272,16.012722
64.44,64.18218,-0.25782013
42.469997,17.900118,-24.56988
66.25,62.885082,-3.3649178
64.240005,61.744286,-2.49572
65.130005,65.79227,0.66226196
71.91,64.716606,-7.1933975
47.01,64.3078,17.297802
67.979996,65.88534,-2.094658
56.11,63.419266,7.309265
61.47,63.388546,1.9185448
63.370003,65.27412,1.9041138
65.83,61.385895,-4.444107
55.449997,49.882504,-5.5674934
47.690002,55.149723,7.4597206
68.5,62.895912,-5.604088
61.16,58.810627,-2.3493729
64.200005,62.566315,-1.6336899
66.84,59.556705,-7.283291
67.47,64.64202,-2.82798
55.29,61.62622,6.33622
62.809998,66.82433,4.0143356
65.08,64.30261,-0.7773895
71.6,66.57114,-5.028862
61.82,66.09757,4.2775726
66.27,64.37948,-1.8905182
52.460003,60.701603,8.2416
56.019997,65.53706,9.517067
71.67,64.93676,-6.733238
38.670002,56.57814,17.908138
57.18,64.437164,7.257164
57.52,54.48124,-3.0387611
22.939999,54.715157,31.775158
58.31,61.817337,3.5073357
65.66,64.89827,-0.761734
61.72,63.579357,1.8593559
62.989998,62.721817,-0.26818085
66.28,62.476738,-3.8032608
63.660004,60.101074,-3.5589294
62.0,66.10531,4.1053085
61.35,64.03765,2.6876526
70.490005,64.65735,-5.832657
53.06,58.05347,4.993469
62.83,63.24498,0.41497803
59.37,63.78831,4.418312
63.43,65.026436,1.5964355
56.800003,65.99644,9.196434
50.79,65.34022,14.550217
64.28,64.09942,-0.18058014
62.85,66.95141,4.10141
66.49,66.23354,-0.25645447
62.089996,62.500656,0.4106598
54.71,52.142876,-2.5671234
61.659996,63.82139,2.1613922
64.18,64.44148,0.26148224
63.42,60.970474,-2.449524
69.87,64.89658,-4.973419
63.230003,64.43259,1.2025833
53.52,65.7473,12.227299
63.050003,65.42856,2.3785553
52.350002,61.09392,8.743919
56.160004,63.52799,7.367985
59.820004,60.11709,0.2970848
60.579998,63.431137,2.851139
62.699997,56.83418,-5.865818
56.629997,65.585434,8.955437
63.83,62.40381,-1.4261932
38.100002,59.676647,21.576645
60.579998,64.01709,3.4370918
68.79,64.35867,-4.431328
61.28,55.596382,-5.6836166
63.08,64.91959,1.839592
57.86,64.18961,6.3296127
65.7,65.225685,-0.47431183
23.92,26.66812,2.7481194
65.16,66.21917,1.059166
68.26,60.599865,-7.660137
70.26,63.22015,-7.039852
66.049995,66.086845,0.036849976
52.14,65.81054,13.67054
64.990005,65.5421,0.5520935
59.640003,57.860626,-1.779377
52.780003,60.233696,7.4536934
62.36,56.833668,-5.526333
55.089996,64.840866,9.75087
62.769997,59.542805,-3.227192
58.03,59.888947,1.8589478
61.059998,63.851906,2.7919083
64.23,65.156006,0.9260025
62.519997,64.14521,1.6252136
67.619995,59.274506,-8.3454895
67.409996,60.448433,-6.961563
65.48,64.78906,-0.69094086
57.56,62.302883,4.742882
59.23,64.6042,5.3742027
66.09,61.980747,-4.109249
67.7,64.769554,-2.9304428
60.49,65.594574,5.1045723
60.530003,63.00379,2.4737892
59.539997,65.62799,6.0879936
61.67,59.31313,-2.3568687
70.35,61.302673,-9.047325
65.9,64.748764,-1.1512375
40.63,52.506794,11.876793
61.5,63.819206,2.3192062
63.95,64.56078,0.6107826
66.9,64.3659,-2.5341034
55.11,62.31408,7.2040787
68.57,64.990074,-3.5799255
72.119995,63.573063,-8.546932
54.85,62.177925,7.3279266
69.590004,64.181175,-5.4088287
66.14,55.044193,-11.095806
61.35,64.80602,3.4560242
62.269997,62.514706,0.24470901
54.8,54.89282,0.092819214
63.89,63.850647,-0.039352417
67.28,63.549118,-3.7308807
67.619995,62.755688,-4.8643074
66.53,63.97583,-2.5541687
56.989998,64.0981,7.108101
50.059998,61.021717,10.9617195
67.02,57.565205,-9.454792
62.089996,59.94044,-2.1495552
70.560005,61.67959,-8.880417
63.54,58.722847,-4.817154
67.39,60.4162,-6.9738007
65.07,51.47655,-13.593449
70.28,58.533417,-11.746582
55.559998,64.0496,8.489601
60.530003,64.98736,4.4573555
61.68,62.688744,1.0087433
60.95,56.519363,-4.4306374
44.31,61.419796,17.109795
67.34,63.87012,-3.4698753
69.54,62.397247,-7.1427536
64.490005,62.54811,-1.9418945
62.129997,59.595062,-2.534935
65.16,65.31313,0.15312958
67.1,62.26459,-4.8354073
70.21,63.29818,-6.9118195
57.86,61.65107,3.791069
64.420006,64.39719,-0.022819519
62.97,64.10379,1.1337891
58.170002,60.26305,2.093048
64.73,61.118595,-3.6114082
55.67,61.887444,6.2174454
61.199997,59.62111,-1.5788879
63.510002,58.472347,-5.037655
61.619995,64.26343,2.6434326
65.07,62.961334,-2.1086655
51.74,59.299744,7.559742
60.420002,64.07391,3.6539116
65.7,62.356655,-3.3433418
65.45,61.369102,-4.0808945
64.990005,65.098305,0.108299255
58.219997,58.907024,0.687027
67.729996,62.925957,-4.804039
60.77,64.39467,3.6246681
68.56,60.389103,-8.170895
65.43,64.8118,-0.6182022
64.920006,66.048416,1.1284103
66.54,65.5501,-0.9898987
51.43,55.86211,4.43211
56.809998,61.58017,4.770172
54.53,48.003338,-6.526661
59.56,63.329227,3.769226
63.870003,63.78903,-0.08097458
65.18,63.411064,-1.7689362
64.15,66.75174,2.601738
63.410004,65.157005,1.7470016
68.45,62.14509,-6.3049088
45.78,54.149567,8.369568
29.1,40.676685,11.576685
62.15,65.76851,3.6185074
61.870003,58.66129,-3.2087135
67.83,62.21885,-5.6111526
69.700005,63.877403,-5.8226013
71.0,65.18218,-5.8178177
62.879997,65.767296,2.8872986
63.120003,65.6617,2.5416946
64.37,65.24509,0.8750839
67.92,65.031006,-2.8889923
57.28,66.49395,9.213951
68.82,63.149498,-5.6705017
66.369995,64.749405,-1.6205902
62.71,65.22518,2.5151825
66.409996,64.41555,-1.9944458
52.07,50.031303,-2.0386963
64.520004,64.7145,0.19449615
72.5,65.70371,-6.7962875
69.1,63.689117,-5.410881
63.11,64.20725,1.0972519
61.96,66.04909,4.0890884
67.92,53.46435,-14.4556465
61.799995,64.925285,3.12529
67.5,62.998234,-4.501766
65.74,67.97555,2.23555
61.619995,62.245487,0.6254921
68.15,66.18669,-1.9633102
61.589996,66.07867,4.4886703
50.480003,51.823105,1.3431015
66.71,63.106476,-3.6035233
66.49,64.89507,-1.5949249
69.5,63.206505,-6.293495
61.15,64.30027,3.1502686
55.909996,64.02548,8.115486
66.409996,64.21096,-2.1990356
67.31,62.028545,-5.281452
68.92,62.870766,-6.0492325
70.200005,66.606926,-3.5930786
65.93,62.55865,-3.3713493
60.23,63.637657,3.4076576
61.619995,65.99692,4.3769226
60.85,65.56629,4.7162933
36.51,60.942894,24.432896
63.620003,66.395546,2.7755432
70.0,64.78091,-5.2190933
64.57,63.811813,-0.75818634
56.72,62.182827,5.462826
59.8,63.001358,3.2013588
64.37,63.094013,-1.2759895
50.370003,40.547333,-9.82267
64.78001,61.308903,-3.4711037
25.99,31.43791,5.4479103
67.45,66.125694,-1.3243027
68.2,65.710266,-2.4897308
63.75,62.865112,-0.8848877
68.61,65.75577,-2.8542328
68.87,64.99689,-3.8731155
65.54,64.44888,-1.0911179
63.86,61.769146,-2.0908546
64.740005,65.457985,0.71797943
68.53,66.56362,-1.9663773
59.98,64.07401,4.094013
63.39,65.053314,1.6633148
59.680004,62.45241,2.7724075
72.0,64.490524,-7.5094757
61.07,62.041046,0.97104645
63.86,65.65615,1.7961502
71.100006,65.981865,-5.118141
68.8,64.65744,-4.142563
61.29,66.315926,5.0259247
45.41,38.636875,-6.7731247
47.86,58.78955,10.92955
68.07,66.037285,-2.0327148
72.159996,62.44849,-9.711506
67.21,65.725494,-1.4845047
72.159996,65.73053,-6.4294662
57.300003,65.04186,7.7418594
64.950005,64.67801,-0.27199554
61.02,64.47513,3.4551277
61.93,65.33038,3.400383
63.54,62.878704,-0.66129684
39.8,35.57865,-4.221348
60.85,66.36229,5.512291
67.21,66.180695,-1.0293045
71.310005,64.892365,-6.4176407
65.72,63.93416,-1.7858429
29.289999,41.317444,12.027445
68.97,65.9783,-2.9916992
64.79,65.46112,0.6711197
64.0,62.921036,-1.0789642
65.43,65.25794,-0.1720581
63.39,59.832275,-3.557724
64.05,66.66667,2.6166687
51.42,56.838387,5.4183884
58.12,64.41425,6.2942543
58.28,61.797882,3.5178833
64.04,62.75957,-1.2804298
64.310005,63.010574,-1.2994308
61.75,64.69243,2.9424286
61.440002,66.05826,4.6182556
61.54,63.311314,1.7713127
64.19,64.61052,0.42051697
66.56,65.1903,-1.3696976
69.08,61.409508,-7.670494
63.190002,66.09677,2.9067688
65.32,64.921585,-0.3984146
57.68,61.123837,3.4438362
61.35,62.818134,1.4681358
57.190002,59.425682,2.2356796
60.31,56.986988,-3.3230133
66.97,63.724182,-3.245819
64.670006,63.606804,-1.0632019
60.420002,64.47323,4.0532265
64.46,64.47541,0.015411377
65.6,64.408485,-1.1915131
63.239998,63.304287,0.06428909
52.3,65.609344,13.309345
59.81,63.992863,4.1828613
60.76,64.301285,3.5412865
63.86,65.80117,1.9411697
56.230003,62.9959,6.765896
63.590004,63.58544,-0.004562378
19.140001,19.212454,0.072452545
71.78,66.354454,-5.4255447
70.15,66.73242,-3.4175797
66.409996,62.76095,-3.6490479
63.83,63.35352,-0.4764824
57.8,59.26792,1.4679222
60.37,63.610287,3.2402878
69.05,55.47887,-13.571133
64.48,65.1268,0.6467972
64.78001,64.48896,-0.29104614
65.97,62.69647,-3.2735329
51.03,58.29082,7.2608223
61.940002,66.699066,4.7590637
71.73,64.44739,-7.2826157
70.9,59.13492,-11.765083
65.97,58.871315,-7.098686
61.85,60.808807,-1.0411911
69.76,66.15585,-3.6041489
57.67,65.06663,7.3966293
66.46999,64.50446,-1.9655304
66.68,66.436874,-0.24312592
60.320004,57.47454,-2.8454628
60.8,64.72578,3.9257774
65.18,63.530117,-1.6498833
62.92,66.5768,3.6567993
64.020004,61.76669,-2.253315
67.86,64.26944,-3.590561
66.84,63.15242,-3.6875763
64.03,66.091446,2.0614471
10.43,23.845812,13.415812
68.27,63.550877,-4.71912
7.43,17.08287,9.65287
62.519997,56.602585,-5.917412
64.82,63.005657,-1.8143425
68.97,64.45283,-4.517174
65.51,59.553432,-5.9565697
62.519997,63.695885,1.1758881
60.460003,64.826675,4.3666725
64.700005,60.136265,-4.56374
57.440002,65.43073,7.9907303
22.859999,13.4311285,-9.42887
71.73,62.839066,-8.890938
36.239998,16.64262,-19.597378
65.71,59.758545,-5.951454
68.45,65.29709,-3.1529083
68.67,65.190094,-3.4799042
66.2,60.867767,-5.3322296
64.060005,63.819813,-0.24019241
65.49,63.11794,-2.3720589
61.879997,64.39554,2.515541
60.3,64.02027,3.720272
66.24,63.4298,-2.8101997
64.51,64.86357,0.35356903
64.39,59.54134,-4.8486595
56.940002,61.386253,4.446251
72.61,64.77249,-7.837509
57.6,63.449215,5.8492165
61.629997,64.98371,3.353714
59.750004,63.548195,3.798191
61.05,62.112976,1.0629768
63.96,65.97684,2.016838
65.18,64.38129,-0.7987137
66.24,64.14184,-2.0981598
57.260002,63.290714,6.030712
61.949997,64.58165,2.6316528
72.45,65.66106,-6.7889404
59.750004,41.20548,-18.544525
63.57,65.42112,1.85112
55.559998,64.22525,8.665253
64.22,63.283943,-0.93605804
55.299995,54.066277,-1.2337189
64.240005,64.70893,0.46892548
69.08,63.31428,-5.7657204
65.11,63.59877,-1.5112305
46.96,55.513443,8.553444
60.460003,64.713394,4.2533913
65.130005,63.51834,-1.6116638
71.41,63.780468,-7.6295357
58.24,63.066387,4.8263855
65.05,65.18104,0.13103485
67.74,65.51637,-2.2236252
71.7,63.248592,-8.451405
63.96,65.79954,1.8395386
69.01,64.472694,-4.5373077
22.380001,22.645742,0.26574135
47.57,54.691376,7.121376
66.259995,65.42652,-0.8334732
64.75,65.18199,0.43199158
65.11,64.179665,-0.930336
65.08,65.02186,-0.058143616
69.73,64.74295,-4.987053
64.89,65.58655,0.69654846
62.92,59.136284,-3.7837143
61.760002,65.27219,3.5121841
64.3,64.502846,0.20284271
68.47,61.28469,-7.1853104
62.96,65.19728,2.2372818
65.65,64.09123,-1.5587692
68.71,65.36336,-3.3466415
65.74,63.31587,-2.4241295
70.33,63.94384,-6.386162
69.35,65.48102,-3.8689804
47.25,51.915012,4.6650124
66.159996,64.95744,-1.2025528
66.799995,64.91845,-1.881546
53.52,55.72747,2.20747
61.35,56.96103,-4.3889694
67.369995,63.660767,-3.7092285
64.47,63.27321,-1.1967926
65.51,59.846943,-5.663059
61.949997,64.29478,2.34478
54.4,60.331715,5.931713
59.780003,58.87449,-0.90551376
64.060005,63.94596,-0.11404419
57.08,63.407715,6.327713
62.17,62.787365,0.6173668
68.49,63.61211,-4.8778877
54.85,52.413666,-2.4363327
67.32,66.059906,-1.2600937
65.79,65.20492,-0.585083
62.4,65.165695,2.7656937
69.53,65.31919,-4.210808
64.89,63.221573,-1.6684265
61.940002,65.21428,3.2742767
63.85,65.219246,1.3692474
62.42,61.89791,-0.5220871
64.39,64.16012,-0.22988129
62.949997,39.591583,-23.358414
63.120003,63.664783,0.54478073
64.75,63.525032,-1.224968
69.3,62.655502,-6.6445007
62.260002,64.768906,2.5089035
63.07,65.7444,2.6744003
62.82,59.298725,-3.5212746
61.07,64.949455,3.8794556
66.939995,63.823597,-3.1163979
69.840004,63.58295,-6.2570534
69.270004,62.866146,-6.403858
71.33,60.97959,-10.35041
65.82,64.73789,-1.0821075
69.99,64.65082,-5.33918
49.91,61.974464,12.064465
65.240005,63.533096,-1.7069092
65.72,64.31622,-1.4037781
72.11,64.332664,-7.777336
70.03,64.83479,-5.1952057
61.4,56.988567,-4.411434
60.399998,63.35911,2.959114
64.37,65.05369,0.6836853
64.41,61.505135,-2.904869
63.6,63.701565,0.101566315
65.54,66.00784,0.4678421
53.530003,63.62771,10.097706
64.44,63.414734,-1.0252686
61.33,47.981655,-13.348347
62.53,66.29295,3.7629547
49.91,62.277348,12.367348
56.910004,65.15003,8.240028
62.1,64.44251,2.342514
66.82,64.504364,-2.3156357
69.85,62.944786,-6.9052124
70.58,64.63688,-5.943123
42.69,63.488136,20.798138
60.530003,65.42197,4.891964
63.160004,64.61816,1.4581528
69.07,65.33974,-3.7302628
53.88,36.38177,-17.49823
62.870003,64.178055,1.3080521
58.28,65.924286,7.644287
45.07,49.92054,4.85054
25.720001,13.786383,-11.933619
67.92,62.015533,-5.9044647
23.31,37.521988,14.211988
60.399998,64.47271,4.072712
60.96,65.031395,4.071396
64.33,63.33082,-0.99918365
66.06,63.85426,-2.205738
64.14,65.93829,1.7982941
69.5,64.35037,-5.1496277
63.63,63.102417,-0.5275841
47.79,49.564434,1.7744331
54.76,64.96434,10.204342
72.74,64.73984,-8.00016
61.5,63.36157,1.8615685
67.18,62.42165,-4.7583504
65.64,64.3509,-1.2891006
61.5,64.900635,3.4006348
64.96001,64.011536,-0.94847107
72.549995,66.432175,-6.1178207
61.53,63.451965,1.9219666
67.619995,64.345436,-3.274559
66.89,59.15519,-7.73481
55.699997,67.060684,11.360687
63.010002,64.755135,1.7451324
53.530003,64.206764,10.676762
33.78,59.24923,25.46923
25.85,28.753454,2.9034538
55.53,64.12017,8.590172
62.28,64.44737,2.1673737
49.91,56.500862,6.5908623
61.46,65.29153,3.8315277
62.85,66.23601,3.3860092
55.659996,63.22778,7.5677834
25.720001,18.581562,-7.138439
67.18,60.62715,-6.552849
61.489998,62.661217,1.1712189
66.06,65.60414,-0.45585632
62.93,64.128914,1.1989136
21.95,46.231194,24.281193
63.160004,63.937424,0.77742004
66.25,64.69167,-1.5583267
57.370003,53.500694,-3.8693085
60.45,60.94657,0.4965706
65.05,63.41077,-1.6392326
65.82,63.05909,-2.76091
72.96,65.00304,-7.9569626
33.129997,34.640263,1.5102654
66.729996,64.43287,-2.2971268
58.28,63.31466,5.0346603
68.92,64.07459,-4.8454056
56.809998,64.77787,7.9678726
69.880005,65.57193,-4.308075
44.4,56.94423,12.544228
65.22,64.73914,-0.48085785
66.25,63.571293,-2.6787071
68.89,60.5237,-8.366299
65.12,47.18683,-17.933174
66.84,65.04418,-1.7958145
70.66,62.859207,-7.8007965
65.04,63.62916,-1.4108391
60.9,66.35428,5.454277
70.340004,63.127953,-7.2120514
59.51,61.965813,2.4558144
68.93,64.97228,-3.957718
55.32,62.730385,7.410385
60.9,62.810783,1.9107819
64.51,63.783413,-0.7265892
62.67,63.586998,0.9169998
55.28,58.301704,3.0217056
49.17,59.586273,10.416275
71.69,63.606216,-8.083786
61.14,64.43417,3.2941742
58.38,57.212875,-1.1671257
70.590004,65.57044,-5.019562
63.440002,62.34556,-1.0944443
53.31,62.356216,9.046215
61.43,64.20988,2.7798767
65.89,64.69795,-1.1920471
70.19,64.80934,-5.380661
65.63,63.253124,-2.376873
65.43,63.308155,-2.1218452
57.22,62.549908,5.3299065
59.969997,65.70563,5.73563
63.84,61.55925,-2.2807503
60.000004,66.38579,6.385784
64.420006,66.3714,1.9513931
68.37,65.392654,-2.9773483
62.58,63.222813,0.6428108
64.060005,64.63245,0.5724411
62.589996,66.10834,3.518341
71.36,66.44048,-4.9195175
62.93,63.815277,0.8852768
62.6,64.07393,1.4739304
70.48,61.697136,-8.782867
54.97,64.457504,9.487503
63.870003,66.03832,2.1683197
52.670002,61.623222,8.95322
70.55,63.204414,-7.3455887
52.179996,59.912457,7.73246
63.190002,63.934975,0.7449722
65.05,65.45528,0.40527344
57.260002,64.20666,6.9466553
63.89,66.73147,2.8414688
64.41,66.49541,2.0854034
71.100006,66.347206,-4.7528
50.590004,51.39953,0.80952454
63.760002,65.221565,1.4615631
68.26,65.60422,-2.6557846
69.31,63.600807,-5.7091904
59.960003,55.50468,-4.4553223
59.34,64.47038,5.1303825
63.18,64.480934,1.3009338
62.0,64.38432,2.3843231
70.57,65.32783,-5.2421722
60.95,61.226933,0.27693176
68.79,66.75834,-2.031662
61.9,62.88981,0.9898071
69.39,59.446133,-9.943867
66.06,63.535225,-2.5247726
69.14,60.78394,-8.35606
64.79,63.816696,-0.97330475
47.82,55.887688,8.067688
70.6,66.04958,-4.550415
65.63,64.56762,-1.0623779
64.1,61.74732,-2.3526802
63.489998,63.844383,0.35438538
38.12,41.889336,3.7693367
60.9,59.406708,-1.4932938
70.25,53.294624,-16.955376
61.15,61.909836,0.7598343
54.54,59.2021,4.662098
70.310005,66.16596,-4.144043
53.149998,63.562214,10.412216
54.27,63.056217,8.786217
68.49,63.79191,-4.6980896
70.93,61.245323,-9.684677
65.33,62.84448,-2.4855232
64.200005,66.93468,2.7346725
63.35,65.74387,2.3938751
66.95,65.79667,-1.153328
68.95,62.049644,-6.9003525
66.409996,64.98712,-1.4228745
59.460003,65.21247,5.752468
60.41,64.480644,4.0706444
65.58,63.839935,-1.7400665
42.26,48.867928,6.607929
60.320004,64.40824,4.088238
42.26,36.931046,-5.328953
59.219997,66.68182,7.4618263
65.63,64.42401,-1.205986
71.87,61.816467,-10.053535
21.55,17.946308,-3.603691
57.73,65.11314,7.3831367
71.87,65.27701,-6.5929947
66.5,61.059986,-5.440014
34.05,50.144756,16.094757
62.07,66.833885,4.7638855
68.12,64.38008,-3.7399216
56.72,60.26575,3.5457497
70.850006,63.955647,-6.8943596
29.640001,15.365131,-14.27487
40.34,38.058403,-2.2815971
60.030003,61.33514,1.3051376
69.87,60.79059,-9.079414
66.97,62.72158,-4.2484207
61.589996,66.12711,4.537117
60.73,65.409065,4.6790657
25.48,13.98298,-11.49702
67.409996,54.281403,-13.128593
63.91,65.4151,1.5051003
57.020004,63.193203,6.1731987
70.05,58.223064,-11.826939
52.13,58.580788,6.4507866
60.9,59.557735,-1.3422661
61.93,62.81946,0.8894615
64.18,61.858868,-2.3211327
70.560005,59.455906,-11.104099
51.510002,61.76655,10.256546
65.89,62.931435,-2.9585648
68.82,63.787918,-5.0320816
64.8,65.32096,0.52095795
65.85,62.924023,-2.9259758
67.83,62.421417,-5.4085846
71.66,64.68723,-6.9727707
60.100002,63.280422,3.18042
58.38,65.2969,6.916897
68.46,63.711704,-4.748295
65.89,60.10486,-5.785141
60.3,64.94758,4.647579
67.9,63.903248,-3.9967537
65.520004,64.04377,-1.4762344
60.88,65.065155,4.185154
61.559998,66.53637,4.976372
69.25,63.548492,-5.7015076
64.64,65.59923,0.9592285
66.25,66.20644,-0.043556213
52.219997,64.660614,12.440617
62.059998,65.87727,3.817276
57.71,59.090984,1.3809853
60.600002,62.462498,1.8624954
47.01,40.898373,-6.1116257
57.67,57.599968,-0.07003021
62.75,65.46628,2.716278
56.629997,55.698498,-0.9314995
67.049995,58.33793,-8.712067
72.2,66.74727,-5.4527283
67.0,65.27269,-1.7273102
57.309998,62.63212,5.3221207
64.18,62.57727,-1.6027298
54.16,59.419334,5.2593346
69.32,64.3546,-4.9654007
64.33,64.41181,0.08181
60.85,64.03974,3.189743
65.48,46.65991,-18.820095
46.34,64.33706,17.997059
61.85,63.15142,1.3014221
66.509995,59.396523,-7.113472
71.170006,64.416084,-6.7539215
65.060005,63.945644,-1.1143608
37.81,45.04088,7.230877
66.0,63.880642,-2.119358
60.600002,64.60288,4.00288
61.86,62.95259,1.0925903
57.9,63.865704,5.965702
64.8,63.523834,-1.2761688
36.559998,58.49439,21.934391
58.38,62.43457,4.0545692
65.9,66.606026,0.70602417
62.269997,64.29662,2.0266266
68.96,60.1804,-8.779598
69.0,64.944725,-4.055275
62.78,63.091515,0.3115158
66.31,64.57996,-1.7300339
72.2,61.91531,-10.284687
62.35,64.40355,2.0535507
64.96001,65.49201,0.5320053
61.61,62.622513,1.0125122
59.969997,66.03346,6.063465
46.54,58.970375,12.430374
66.86,66.35808,-0.5019226
62.11,65.11158,3.0015793
53.26,62.67798,9.41798
55.33,61.38617,6.0561676
71.03001,65.829414,-5.200592
64.86,60.821926,-4.0380745
61.79,63.246822,1.4568214
62.11,63.755238,1.645237
63.489998,63.922245,0.43224716
68.13,65.087135,-3.042862
67.89,64.331215,-3.5587845
37.29,56.035633,18.745632
59.34,60.995262,1.655262
61.3,64.72314,3.4231377
66.619995,65.13289,-1.4871063
69.630005,64.447174,-5.182831
64.450005,62.79277,-1.6572342
69.590004,59.03731,-10.552692
68.39,64.526596,-3.8634033
60.9,65.21379,4.3137894
60.280003,65.10516,4.825161
68.96,63.66323,-5.296768
65.12,59.915405,-5.2045975
60.000004,62.06456,2.0645561
61.96,61.941315,-0.018684387
64.25,63.483643,-0.7663574
70.62,63.44203,-7.177971
60.96,67.254074,6.294075
39.64,23.634445,-16.005554
65.76,64.991356,-0.76864624
70.19,65.41737,-4.772629
59.34,64.36318,5.023182
68.55,63.84763,-4.7023735
58.41,65.67279,7.2627907
70.71,66.05245,-4.657547
62.760002,63.843174,1.0831718
45.55,58.601357,13.051357
70.66,65.37106,-5.2889404
61.0,63.37688,2.3768806
62.6,58.237457,-4.362541
69.87,57.157154,-12.712849
61.9,61.32567,-0.5743332
65.12,50.187813,-14.93219
56.53,66.9553,10.425301
67.43,61.228157,-6.2018433
48.24,58.242546,10.002544
62.269997,64.366264,2.0962677
32.010002,45.936687,13.926685
58.31,62.296658,3.9866562
53.920002,57.419777,3.499775
71.83,63.074677,-8.755325
67.42,65.75601,-1.6639862
60.79,63.09154,2.3015404
54.24,62.031876,7.791874
64.590004,65.807,1.2169952
68.76,63.826733,-4.9332695
62.050003,64.283134,2.2331314
71.93,64.58493,-7.34507
61.29,64.892044,3.6020432
62.809998,64.64651,1.8365097
68.98,66.37653,-2.6034698
56.809998,61.248676,4.4386787
69.56,64.2472,-5.3127975
70.57,65.34142,-5.2285767
66.5,64.992516,-1.5074844
66.59,63.23641,-3.353588
63.940002,62.999046,-0.9409561
63.15,49.7681,-13.381901
69.23,64.61178,-4.618225
63.47,63.06072,-0.40928268
62.690002,65.47112,2.7811203
59.23,63.861782,4.6317825
60.19,64.58981,4.3998146
70.66,63.345444,-7.31456
54.6,64.584816,9.9848175
69.11,64.32828,-4.781723
66.99,57.388847,-9.6011505
61.78,66.58809,4.80809
63.65,62.515213,-1.1347885
54.070004,58.71296,4.642956
66.259995,63.174744,-3.0852509
59.48,62.88445,3.4044495
72.89,64.941635,-7.9483643
63.22,65.30793,2.0879288
68.47,63.30136,-5.16864
52.07,57.9264,5.8563995
50.809998,56.665348,5.8553505
61.309998,65.073944,3.7639465
21.14,31.643173,10.503174
60.65,61.180515,0.53051376
60.29,62.826008,2.536007
51.79,60.42155,8.63155
62.190002,62.897648,0.7076454
57.42,58.752357,1.3323593
53.27,60.159843,6.889843
36.379997,61.38699,25.006992
63.489998,63.84635,0.35635376
55.409996,61.87279,6.4627953
57.97,58.460247,0.49024582
56.489998,62.593304,6.103306
57.340004,65.234276,7.894272
72.479996,65.93446,-6.545532
72.14,66.2866,-5.853401
55.86,65.35412,9.494118
67.85,64.98278,-2.867218
63.760002,64.43919,0.6791916
50.800003,64.44676,13.646759
65.65,62.941032,-2.708969
71.86,66.3783,-5.481697
62.42,64.60608,2.186081
62.54,65.76533,3.2253265
56.489998,59.374912,2.8849144
63.480003,64.47872,0.99871826
56.339996,50.907074,-5.4329224
64.73,63.96091,-0.76909256
60.29,65.083374,4.793373
64.72,63.9111,-0.80890274
69.36,62.80504,-6.554962
61.05,63.444565,2.3945656
64.380005,63.32959,-1.050415
45.16,59.514576,14.354576
59.039997,63.910557,4.8705597
65.81,62.91292,-2.8970757
70.87,64.24705,-6.6229553
61.18,63.008617,1.8286171
63.25,62.4712,-0.77880096
69.36,62.06862,-7.291382
52.51,63.40548,10.895481
65.65,60.675217,-4.974785
58.12,62.587612,4.467613
59.140003,63.357513,4.21751
60.280003,61.840927,1.5609245
57.21,65.25286,8.042862
57.230003,62.411274,5.1812706
50.660004,59.596107,8.936104
37.78,66.323654,28.543655
70.97,63.08778,-7.882221
63.17,65.76472,2.594719
67.45,61.251484,-6.198513
61.799995,64.9627,3.1627045
65.59,60.816444,-4.773552
69.16,64.17016,-4.9898453
65.37,58.502167,-6.867836
35.75,19.558502,-16.191498
65.77,65.38861,-0.3813858
59.210003,56.352108,-2.857895
44.710003,63.66345,18.953445
70.450005,66.08935,-4.3606567
62.25,63.709885,1.4598846
61.72,65.05935,3.3393478
63.86,64.33651,0.4765091
70.97,63.28282,-7.6871796
37.82,40.324783,2.5047836
49.51,56.430573,6.920574
59.680004,61.651577,1.9715729
61.15,60.04231,-1.1076927
67.56,63.795452,-3.7645454
64.22,64.6425,0.4225006
66.35,62.94826,-3.4017372
69.9,64.01464,-5.8853607
40.86,60.033684,19.173683
62.760002,61.082397,-1.6776047
61.79,62.215733,0.42573166
59.210003,60.557568,1.3475647
66.259995,63.273777,-2.9862175
23.24,44.633854,21.393854
63.86,64.627,0.7669983
65.16,64.77134,-0.38866425
61.72,60.113274,-1.6067276
61.879997,65.362335,3.482338
66.6,63.058907,-3.541092
58.429996,63.468666,5.0386696
64.11,64.99999,0.88999176
69.16,63.573765,-5.586239
50.800003,61.44992,10.649918
59.039997,64.117035,5.077038
66.6,56.906586,-9.693413
66.909996,62.785244,-4.124752
65.46,65.130226,-0.32977295
61.729996,63.912308,2.182312
61.979996,63.388084,1.4080887
45.16,57.75816,12.59816
34.37,57.07372,22.70372
51.32,59.48482,8.164822
61.05,62.850327,1.8003273
57.54,63.150196,5.610195
68.91,64.027855,-4.8821487
61.03,64.7101,3.6800995
64.82,66.775116,1.9551163
65.18,63.032646,-2.1473541
44.05,60.38757,16.33757
52.63,64.37467,11.744671
61.989998,58.322,-3.6679993
55.0,63.901783,8.901783
58.359997,53.052277,-5.30772
63.690002,63.96405,0.27404785
68.48,64.257965,-4.2220383
58.32,64.98816,6.6681595
62.47,64.52744,2.0574417
71.86,63.38056,-8.479439
61.03,60.75663,-0.27336884
46.19,36.301567,-9.888432
71.18,65.44641,-5.733589
63.61,63.81591,0.20590973
65.64,61.105705,-4.534294
60.01,65.76166,5.7516594
17.06,45.824768,28.764769
46.51,63.658524,17.148525
63.78,64.271194,0.49119568
70.07,65.01757,-5.052429
40.37,60.442345,20.072346
63.010002,63.83755,0.827549
61.65,58.935528,-2.7144737
52.02,62.926804,10.906803
63.78,61.80743,-1.9725685
63.450005,64.18379,0.73378754
67.5,65.667625,-1.8323746
52.76,63.038136,10.278137
64.380005,62.595104,-1.7849007
57.230003,63.89675,6.666748
71.84,63.66505,-8.174946
61.729996,61.45169,-0.27830505
68.54,64.27517,-4.2648315
72.27,64.2433,-8.026695
56.489998,57.96338,1.473381
62.809998,64.45036,1.6403656
65.869995,66.08286,0.21286774
60.149998,63.89234,3.742344
52.55,57.202423,4.652424
61.65,61.05792,-0.592083
62.92,63.173706,0.2537079
65.43,62.645954,-2.7840462
61.64,37.26329,-24.376709
59.850002,58.815376,-1.034626
17.06,34.616436,17.556437
67.81,62.186176,-5.6238213
65.45,65.565796,0.11579895
62.449997,60.848404,-1.601593
61.78,58.84325,-2.9367485
60.56,63.847343,3.287342
71.76,63.42805,-8.331951
66.909996,60.35312,-6.556877
64.48,62.151222,-2.3287811
55.190002,60.819744,5.6297417
60.149998,64.3885,4.2384987
60.000004,62.113804,2.1138
36.84,31.260887,-5.579113
57.54,57.140087,-0.3999138
56.53,61.802856,5.2728577
66.77,60.416,-6.3539963
56.489998,60.42902,3.939022
70.490005,66.66723,-3.8227768
66.27,62.37641,-3.8935852
61.01,59.508453,-1.501545
68.29,64.664764,-3.6252365
60.89,65.97855,5.0885544
66.79,61.836422,-4.953579
66.119995,64.12609,-1.9939041
70.61,64.26627,-6.343727
40.34,55.980362,15.640362
36.379997,17.581749,-18.798248
61.1,65.35219,4.2521896
60.05,62.262432,2.2124329
52.69,60.028656,7.3386574
66.67,63.667427,-3.002571
63.690002,63.10627,-0.5837326
62.83,64.46728,1.6372757
57.97,61.608482,3.6384811
65.240005,63.71856,-1.5214462
66.75,64.28487,-2.4651337
67.049995,55.462616,-11.587379
68.65,63.39439,-5.2556114
66.77,65.3076,-1.4623947
23.08,62.568428,39.488426
63.059998,60.578484,-2.481514
64.950005,61.420948,-3.5290565
67.479996,63.51848,-3.9615173
61.71,64.86451,3.1545105
61.78,59.24138,-2.53862
14.27,14.740451,0.4704504
57.010002,63.00585,5.9958496
60.57,62.65156,2.081562
65.69,64.15524,-1.5347595
63.489998,63.152905,-0.33709335
68.63,62.18448,-6.4455185
58.14,58.976727,0.83672714
60.36,66.70899,6.3489914
71.39,62.80579,-8.584209
59.73,61.151367,1.4213676
60.000004,64.34505,4.345043
70.05,60.217255,-9.832748
23.199999,59.898003,36.698006
61.769997,62.17438,0.4043846
69.78,60.409218,-9.370781
61.17,58.500843,-2.6691551
64.73,60.833187,-3.8968163
66.38,65.894005,-0.48599243
65.07,64.32452,-0.7454834
60.93,64.63412,3.7041168
26.460001,31.229103,4.769102
64.51,65.006424,0.4964218
67.439995,65.72722,-1.7127762
42.59,45.01414,2.424141
69.78,64.807976,-4.972023
66.25,56.64017,-9.609829
68.28,65.821075,-2.4589233
69.51,64.58845,-4.9215546
61.29,65.18229,3.8922882
58.07,65.35872,7.288719
62.339996,61.99309,-0.34690475
59.52,64.94488,5.424877
70.54,64.10807,-6.4319305
70.82,60.51504,-10.304958
64.53,65.0427,0.51270294
65.07,66.431,1.3610001
71.25,58.687603,-12.562397
65.100006,65.82125,0.7212448
67.72,64.96951,-2.7504883
66.75,65.52751,-1.2224884
66.92,64.48761,-2.4323883
62.120003,65.44758,3.3275757
63.86,64.49293,0.63292694
63.200005,61.520416,-1.6795883
65.240005,64.98119,-0.25881195
70.46,64.40285,-6.057152
44.46,37.570225,-6.8897743
70.450005,66.57108,-3.8789215
62.18,63.90988,1.7298813
66.45,63.516014,-2.9339828
53.860004,64.30245,10.442448
69.880005,59.641945,-10.23806
67.159996,63.86295,-3.2970467
68.88,64.70077,-4.1792297
60.43,64.26865,3.838646
64.450005,65.763916,1.3139114
63.07,64.087715,1.0177155
62.64,62.57457,-0.06542969
71.28,64.55678,-6.723221
60.77,66.566246,5.7962456
55.85,62.343384,6.4933853
59.649998,60.8041,1.1541023
63.440002,63.92339,0.483387
56.32,52.804913,-3.5150871
64.15,63.58668,-0.56332016
69.67,62.408947,-7.261051
59.74,63.867195,4.1271935
62.58,66.931625,4.3516235
68.4,64.4046,-3.9953995
60.77,63.937656,3.167656
42.879997,55.611217,12.73122
59.76,57.003998,-2.7560005
69.950005,64.19233,-5.757675
62.86,65.9469,3.0868988
63.550003,66.25196,2.7019577
66.409996,64.95463,-1.455368
70.450005,65.9205,-4.529503
45.739998,66.0373,20.297302
67.53,66.94062,-0.58937836
30.59,36.072456,5.482456
72.59,63.68134,-8.908657
70.18,62.50958,-7.6704216
60.829998,65.34411,4.5141106
68.0,66.74598,-1.2540207
66.92,64.41369,-2.5063095
55.059998,65.01284,9.952843
65.270004,65.470436,0.20043182
63.53,64.34657,0.8165741
69.02,65.00294,-4.0170593
68.9,64.777756,-4.122246
64.62,61.641323,-2.9786797
67.0,64.15156,-2.848442
54.51,59.159576,4.649578
72.579994,63.823277,-8.756718
70.420006,66.23643,-4.1835785
63.21,65.53565,2.325653
66.25,62.189865,-4.060135
71.090004,65.15309,-5.9369125
65.03,64.67167,-0.35832977
63.340004,60.63772,-2.7022858
62.339996,65.42122,3.0812225
65.72,65.65799,-0.06201172
65.57,59.335144,-6.2348557
64.96001,64.54726,-0.41275024
63.270004,64.37923,1.1092224
52.850002,57.110046,4.260044
68.2,66.47582,-1.7241745
69.78,65.93302,-3.8469772
62.9,63.497597,0.5975952
68.79,64.34338,-4.446617
60.95,64.617935,3.6679344
71.03001,64.908806,-6.1212006
62.449997,64.10779,1.6577911
65.36,61.36199,-3.9980087
60.62,62.96356,2.3435593
65.51,64.29611,-1.2138901
68.78,66.03257,-2.747429
65.07,63.647293,-1.4227066
65.57,62.191338,-3.378662
68.53,65.07152,-3.4584808
62.300003,63.774014,1.4740105
51.6,59.002216,7.402218
64.310005,65.317154,1.0071487
64.14,64.50258,0.36257935
72.67,63.75064,-8.919357
61.690002,66.188484,4.4984818
60.97,65.23927,4.269272
65.45,64.7395,-0.710495
66.88,59.02645,-7.853546
60.79,64.1299,3.3398972
67.45,64.426315,-3.0236816
55.239998,63.573223,8.333225
65.95,61.65464,-4.2953568
62.910004,65.51604,2.6060333
61.65,64.864716,3.214714
51.64,64.314514,12.674515
61.65,60.489647,-1.1603546
68.47,63.76838,-4.701622
68.08,64.91697,-3.1630325
55.92,65.56739,9.647392
67.619995,64.327194,-3.292801
38.11,16.841402,-21.268599
69.13,66.93496,-2.1950378
32.170002,47.444866,15.274864
63.53,64.925545,1.395546
60.85,64.83365,3.9836502
49.59,62.28197,12.691971
72.38,64.6982,-7.681801
57.58,57.66665,0.08664703
65.04,64.99176,-0.04824066
67.35,64.781746,-2.5682526
72.92,64.587204,-8.332794
63.14,65.64528,2.5052795
59.539997,42.8537,-16.686298
60.57,64.612114,4.0421143
63.059998,63.239773,0.17977524
63.230003,65.52053,2.2905273
59.350002,58.3894,-0.9606018
65.44,66.515175,1.0751724
60.600002,64.42096,3.8209572
63.08,65.95259,2.872589
70.87,67.157585,-3.7124176
60.149998,65.93806,5.788059
64.560005,64.21897,-0.34103394
65.61,64.62193,-0.9880676
66.64,62.583305,-4.056694
68.02,64.68202,-3.3379745
60.02,64.38145,4.3614464
62.870003,63.780357,0.9103546
72.92,58.67046,-14.249538
71.240005,65.85785,-5.3821564
67.729996,66.66246,-1.0675354
65.94,65.01925,-0.9207535
59.13,63.17638,4.046379
63.18,63.48664,0.30664062
63.480003,65.27011,1.7901077
71.240005,66.11152,-5.1284866
61.629997,60.65377,-0.9762268
64.29,60.35121,-3.9387894
70.11,66.16463,-3.9453735
63.08,65.71626,2.636261
53.26,58.981262,5.721264
65.43,65.4249,-0.005104065
68.38,67.02047,-1.3595276
65.56,65.01232,-0.5476761
59.829998,64.083565,4.2535667
65.75,63.020027,-2.7299728
54.78,59.685356,4.9053574
72.05,65.144554,-6.905449
62.190002,63.524628,1.3346252
61.07,62.87221,1.8022118
58.420002,59.986748,1.5667458
53.920002,63.29186,9.371857
63.090004,60.332233,-2.7577705
65.62,65.0258,-0.59420013
67.799995,64.97001,-2.8299866
53.969997,64.46968,10.499683
71.25,65.08303,-6.1669693
55.75,60.940372,5.1903725
62.96,63.954006,0.9940071
60.51,65.44488,4.9348793
54.87,64.7397,9.869701
63.160004,67.03111,3.871109
45.09,57.488758,12.398758
57.370003,65.79935,8.429344
70.61,64.21727,-6.3927307
56.58,64.96769,8.387688
68.06,66.464165,-1.5958328
68.5,62.00282,-6.497181
59.649998,65.11791,5.4679146
65.3,58.774673,-6.5253296
65.909996,65.603516,-0.3064804
67.56,66.42401,-1.1359863
66.299995,63.11385,-3.1861458
65.75,63.904293,-1.8457069
50.050003,61.90669,11.856686
59.539997,64.44019,4.900196
65.95,65.96632,0.016319275
67.25,66.19992,-1.0500793
69.630005,64.56585,-5.0641556
67.59,64.79167,-2.7983246
63.480003,64.609825,1.1298218
71.76,65.10706,-6.652939
66.439995,63.857544,-2.5824509
69.37,64.7574,-4.612602
68.33,64.61645,-3.7135544
56.770004,63.50278,6.7327766
61.83,60.15069,-1.6793137
67.86,58.62763,-9.232372
65.71,65.138535,-0.57146454
66.6,63.51367,-3.0863266
67.259995,63.731026,-3.5289688
63.9,65.26053,1.360527
59.179996,66.24872,7.068722
66.21,62.49875,-3.7112503
64.060005,65.14611,1.0861053
66.7,63.988625,-2.7113724
62.29,65.10385,2.8138504
61.729996,60.701454,-1.0285416
70.560005,68.22567,-2.3343353
57.66,64.05459,6.3945885
61.43,60.75071,-0.6792908
65.81,60.830574,-4.9794235
48.48,61.79325,13.3132515
59.570004,64.70876,5.1387596
63.78,62.316914,-1.4630852
66.189995,64.984375,-1.2056198
69.450005,65.374825,-4.07518
60.72,64.461754,3.7417526
66.28999,61.940693,-4.3493004
60.399998,62.497814,2.0978165
72.17,64.59547,-7.5745316
45.09,53.32559,8.235588
59.26,64.862724,5.602726
62.559998,64.4019,1.8419037
53.530003,63.4458,9.915798
62.730003,65.05787,2.3278656
61.239998,62.323368,1.0833702
69.5,61.814224,-7.6857758
68.51,61.839306,-6.6706963
67.65,65.8602,-1.7898026
59.26,57.401234,-1.8587646
67.229996,60.868145,-6.3618507
59.76,63.0325,3.272503
67.18,63.904118,-3.2758827
68.57,65.50864,-3.0613632
65.16,66.25798,1.0979767
67.18,62.97735,-4.202652
63.98,67.384865,3.4048653
65.51,66.25909,0.7490845
51.260002,61.806053,10.546051
60.26,65.19529,4.9352913
68.86,67.31787,-1.5421295
61.65,63.541954,1.8919525
67.65,65.59284,-2.0571594
20.47,26.363674,5.893675
66.32,62.225513,-4.094486
69.47,64.791176,-4.6788254
63.36,55.619125,-7.7408752
65.5,63.39184,-2.108158
57.86,60.617733,2.7577324
65.42,64.47919,-0.94081116
67.18,65.61795,-1.5620499
64.28,60.944855,-3.335144
61.67,64.06642,2.3964233
63.96,56.9316,-7.0284004
61.9,63.35287,1.4528694
64.12,65.26134,1.1413345
65.95,62.66723,-3.2827682
60.55,67.73743,7.1874275
70.420006,65.07973,-5.3402786
67.33,64.84951,-2.4804916
64.9,61.79174,-3.108261
65.82,64.41172,-1.4082794
68.44,65.055725,-3.3842773
61.68,66.32222,4.6422195
63.63,63.569176,-0.060825348
62.53,62.094658,-0.43534088
67.96,65.076324,-2.8836746
70.54,65.716515,-4.8234863
53.26,34.47133,-18.78867
72.399994,66.60094,-5.799057
63.65,61.503708,-2.1462936
66.08,65.25834,-0.8216629
72.21,67.08086,-5.1291428
21.16,25.308558,4.1485577
65.89,60.615276,-5.274723
61.339996,65.01104,3.6710434
22.470001,13.2397995,-9.230202
71.8,64.95211,-6.8478928
62.309998,65.836105,3.5261078
70.380005,67.08614,-3.2938614
68.9,66.86916,-2.030838
60.59,50.23154,-10.358459
35.16,37.24213,2.0821304
69.590004,43.531197,-26.058807
70.87,62.89161,-7.9783936
63.39,63.697617,0.3076172
72.85,65.841835,-7.0081635
72.0,64.009895,-7.9901047
34.77,52.32225,17.55225
69.56,67.21316,-2.34684
71.340004,65.6007,-5.7393036
47.31,63.778187,16.468185
66.46,64.16032,-2.2996826
69.5,66.28499,-3.2150116
60.57,65.446236,4.876236
68.71,63.249302,-5.460697
66.36,64.90808,-1.4519196
69.48,63.994728,-5.4852753
60.88,66.27862,5.398617
63.65,62.40746,-1.2425423
63.230003,65.88841,2.658409
63.71,65.639206,1.9292068
72.85,65.052864,-7.7971344
60.75,64.183136,3.433136
62.89,64.55756,1.6675644
65.32,66.40535,1.08535
72.47,65.77316,-6.6968384
61.3,61.286068,-0.013931274
64.28,58.743073,-5.5369263
64.340004,64.34747,0.0074691772
62.6,64.79938,2.199379
63.65,61.713528,-1.9364738
68.06,61.40812,-6.6518784
61.68,66.40845,4.728447
68.39,67.17502,-1.2149811
61.53,65.11003,3.5800323
61.5,64.44258,2.9425812
67.47,65.907845,-1.5621567
57.260002,61.48959,4.2295876
70.37,65.8044,-4.565605
60.2,64.87062,4.67062
62.449997,66.36542,3.9154205
61.32,62.07232,0.75231934
63.620003,63.482506,-0.13749695
